service_instance,application,container_index,ip,container_hostname,is_bigcontainer,mem_limit,cpu_shares,hostname,hostip,rack
tianjicore--tianji-cn-beijing-bgm-d01-1,ApsaraMaster,0,10.1.40.1,docker010001040001,false,17.40625G,,rc85c6128.cloud.nu17,10.1.7.32,A02
tianjicore--tianji-cn-beijing-bgm-d01-1,ApsaraMaster,1,10.1.40.2,docker010001040002,false,17.40625G,,rc85c6130.cloud.nu17,10.1.7.35,B03
tianjicore--tianji-cn-beijing-bgm-d01-1,ApsaraMaster,2,10.1.40.3,docker010001040003,false,17.40625G,,rc8f73118.cloud.nu17,10.1.7.6,A06
tianjicore--tianji-cn-beijing-bgm-d01-1,Tianji-test,0,auto,-,false,2.0G,,rc85c6128.cloud.nu17,10.1.7.32,A02
tianjicore--tianji-cn-beijing-bgm-d01-1,ApsaraWorker,0,10.1.40.4,docker010001040004,false,17.40625G,,rc85c6128.cloud.nu17,10.1.7.32,A02
tianjicore--tianji-cn-beijing-bgm-d01-1,ApsaraWorker,1,10.1.40.5,docker010001040005,false,17.40625G,,rc85c6130.cloud.nu17,10.1.7.35,B03
tianjicore--tianji-cn-beijing-bgm-d01-1,ApsaraWorker,2,10.1.40.6,docker010001040006,false,17.40625G,,rc8f73118.cloud.nu17,10.1.7.6,A06
tianjicore--tianji-cn-beijing-bgm-d01-1,ApsaraWorker,3,10.1.40.7,docker010001040007,false,17.40625G,,rc8f73125.cloud.nu17,10.1.7.14,A09
tianjicore--tianji-cn-beijing-bgm-d01-1,Chenxiang,0,10.1.40.8,docker010001040008,false,8.703125G,,rc85c6128.cloud.nu17,10.1.7.32,A02
tianjicore--tianji-cn-beijing-bgm-d01-1,Chenxiang,1,10.1.40.9,docker010001040009,false,8.703125G,,rc85c6130.cloud.nu17,10.1.7.35,B03
tianjicore--tianji-cn-beijing-bgm-d01-1,Chenxiang,2,10.1.40.10,docker010001040010,false,8.703125G,,rc8f73118.cloud.nu17,10.1.7.6,A06
tianjicore--tianji-cn-beijing-bgm-d01-1,Chenxiang-test,0,auto,-,false,2.0G,,rc85c6128.cloud.nu17,10.1.7.32,A02
security-auditlog--yundun-cn-beijing-bgm-d01-1,security-auditlog-ag,0,10.1.40.11,docker010001040011,false,2.0G,,rc85c6129.cloud.nu17,10.1.7.34,A02
security-auditlog--yundun-cn-beijing-bgm-d01-1,security-auditlog-db-init,0,auto,-,false,2.0G,,rc85c6129.cloud.nu17,10.1.7.34,A02
security-auditlog--yundun-cn-beijing-bgm-d01-1,security-auditlog-test,0,auto,-,false,2.0G,,rc85c6129.cloud.nu17,10.1.7.34,A02
security-auditlog--yundun-cn-beijing-bgm-d01-1,security-auditlog-app,0,10.1.40.12,docker010001040012,false,4.0G,,rc85c6129.cloud.nu17,10.1.7.34,A02
security-auditlog--yundun-cn-beijing-bgm-d01-1,security-auditlog-app,1,10.1.40.13,docker010001040013,false,4.0G,,rc85c6137.cloud.nu17,10.1.7.41,A01
public--oss-cn-beijing-bgm-d01-1,package_manager,0,10.1.40.14,docker010001040014,false,3.0G,,rc85c6129.cloud.nu17,10.1.7.34,A02
public--oss-cn-beijing-bgm-d01-1,package_manager,1,10.1.40.15,docker010001040015,false,3.0G,,rc8f73122.cloud.nu17,10.1.7.11,A06
public--oss-cn-beijing-bgm-d01-1,oss_ag,0,10.1.40.16,docker010001040016,false,4.0G,,rc85c6129.cloud.nu17,10.1.7.34,A02
public--oss-cn-beijing-bgm-d01-1,ag,0,10.1.40.17,docker010001040017,false,2.0G,,rc85c6129.cloud.nu17,10.1.7.34,A02
public--oss-cn-beijing-bgm-d01-1,fuxi_master,0,10.1.40.18,docker010001040018,false,10.0G,,rc8f73146.cloud.nu17,10.1.8.110,A07
public--oss-cn-beijing-bgm-d01-1,fuxi_master,1,10.1.40.19,docker010001040019,false,10.0G,,rc8f73122.cloud.nu17,10.1.7.11,A06
public--oss-cn-beijing-bgm-d01-1,pangu_master,0,10.1.40.20,docker010001040020,true,32.0G,,rc85c6129.cloud.nu17,10.1.7.34,A02
public--oss-cn-beijing-bgm-d01-1,pangu_master,1,10.1.40.21,docker010001040021,true,32.0G,,rc8f73122.cloud.nu17,10.1.7.11,A06
public--oss-cn-beijing-bgm-d01-1,pangu_master,2,10.1.40.22,docker010001040022,true,32.0G,,rc85c6127.cloud.nu17,10.1.7.31,B03
public--oss-cn-beijing-bgm-d01-1,test,0,auto,-,false,4.0G,,rc85c6129.cloud.nu17,10.1.7.34,A02
public--oss-cn-beijing-bgm-d01-1,nuwa,0,10.1.40.23,docker010001040023,false,8.0G,,rc85c6129.cloud.nu17,10.1.7.34,A02
public--oss-cn-beijing-bgm-d01-1,nuwa,1,10.1.40.24,docker010001040024,false,8.0G,,rc8f73122.cloud.nu17,10.1.7.11,A06
public--oss-cn-beijing-bgm-d01-1,nuwa,2,10.1.40.25,docker010001040025,false,8.0G,,rc85c6127.cloud.nu17,10.1.7.31,B03
vnet--slb-cn-beijing-bgm-d01-1,web-app,0,10.1.40.26,docker010001040026,false,4.0G,,rc8f73146.cloud.nu17,10.1.8.110,A07
vnet--slb-cn-beijing-bgm-d01-1,web-app,1,10.1.40.27,docker010001040027,false,4.0G,,rc85c6120.cloud.nu17,10.1.8.67,A03
vnet--slb-cn-beijing-bgm-d01-1,web-app-test,0,auto,-,false,2.0G,,rc85c6129.cloud.nu17,10.1.7.34,A02
vnet--slb-cn-beijing-bgm-d01-1,web-app-db-init,0,auto,-,false,2.0G,,rc85c6129.cloud.nu17,10.1.7.34,A02
ads_service--ads-cn-beijing-bgm-d01-1,zk,0,10.1.40.28,docker010001040028,false,4.0G,,rc85c6129.cloud.nu17,10.1.7.34,A02
ads_service--ads-cn-beijing-bgm-d01-1,zk,1,10.1.40.29,docker010001040029,false,4.0G,,rc8f73122.cloud.nu17,10.1.7.11,A06
ads_service--ads-cn-beijing-bgm-d01-1,zk,2,10.1.40.30,docker010001040030,false,4.0G,,rc85c6127.cloud.nu17,10.1.7.31,B03
ads_service--ads-cn-beijing-bgm-d01-1,bu,0,10.1.40.31,docker010001040031,false,16.0G,,rc85c6129.cloud.nu17,10.1.7.34,A02
ads_service--ads-cn-beijing-bgm-d01-1,bu,1,10.1.40.32,docker010001040032,false,16.0G,,rc8f73122.cloud.nu17,10.1.7.11,A06
ads_service--ads-cn-beijing-bgm-d01-1,ads_ag,0,10.1.40.33,docker010001040033,false,2.0G,,rc85c6129.cloud.nu17,10.1.7.34,A02
ads_service--ads-cn-beijing-bgm-d01-1,gallardo_ui,0,10.1.40.34,docker010001040034,false,2.0G,,rc85c6129.cloud.nu17,10.1.7.34,A02
ads_service--ads-cn-beijing-bgm-d01-1,gallardo_ui,1,10.1.40.35,docker010001040035,false,2.0G,,rc8f73122.cloud.nu17,10.1.7.11,A06
ads_service--ads-cn-beijing-bgm-d01-1,test,0,auto,-,false,2.0G,,rc85c6129.cloud.nu17,10.1.7.34,A02
ads_service--ads-cn-beijing-bgm-d01-1,rm,0,10.1.40.36,docker010001040036,false,16.0G,,rc8255121.cloud.nu17,10.1.7.12,A02
ads_service--ads-cn-beijing-bgm-d01-1,rm,1,10.1.40.37,docker010001040037,false,16.0G,,rc8f73122.cloud.nu17,10.1.7.11,A06
ads_service--ads-cn-beijing-bgm-d01-1,dms,0,10.1.40.38,docker010001040038,false,4.0G,,rc85c6129.cloud.nu17,10.1.7.34,A02
ads_service--ads-cn-beijing-bgm-d01-1,gallardo_ag,0,10.1.40.39,docker010001040039,false,2.0G,,rc85c6129.cloud.nu17,10.1.7.34,A02
lingxiao--webapp-cn-beijing-bgm-d01-1,mops-lingxiao,0,10.1.40.40,docker010001040040,false,2.0G,,rc85c6120.cloud.nu17,10.1.8.67,A03
lingxiao--webapp-cn-beijing-bgm-d01-1,mops-lingxiao,1,10.1.40.41,docker010001040041,false,2.0G,,rc8f73146.cloud.nu17,10.1.8.110,A07
lingxiao--webapp-cn-beijing-bgm-d01-1,mops-lingxiao-test,0,auto,-,false,0.5G,,rc85c6129.cloud.nu17,10.1.7.34,A02
cmdb--middleWare-cn-beijing-bgm-d01-1,cloud-cmdb-db-init,0,auto,-,false,1.0G,,rc85c6129.cloud.nu17,10.1.7.34,A02
cmdb--middleWare-cn-beijing-bgm-d01-1,cloud-cmdb,0,10.1.40.42,docker010001040042,false,4.0G,,rc8255121.cloud.nu17,10.1.7.12,A02
web--bcc-cn-beijing-bgm-d01-1,controller,0,10.1.40.43,docker010001040043,false,2.0G,,rc8255131.cloud.nu17,10.1.7.33,B03
web--bcc-cn-beijing-bgm-d01-1,controller,1,10.1.40.44,docker010001040044,false,2.0G,,rc85c6120.cloud.nu17,10.1.8.67,A03
web--bcc-cn-beijing-bgm-d01-1,db_init,0,auto,-,false,2.0G,,rc8255121.cloud.nu17,10.1.7.12,A02
houyi--ecs-cn-beijing-bgm-d01-1,rms,0,10.1.40.45,docker010001040045,false,2.0G,,rc8255121.cloud.nu17,10.1.7.12,A02
houyi--ecs-cn-beijing-bgm-d01-1,rms,1,10.1.40.46,docker010001040046,false,2.0G,,rc8f73122.cloud.nu17,10.1.7.11,A06
houyi--ecs-cn-beijing-bgm-d01-1,tair_dataserver_2,0,10.1.40.47,docker010001040047,false,8.0G,,rc8255121.cloud.nu17,10.1.7.12,A02
houyi--ecs-cn-beijing-bgm-d01-1,apiserver,0,10.1.40.48,docker010001040048,false,8.0G,,rc8255121.cloud.nu17,10.1.7.12,A02
houyi--ecs-cn-beijing-bgm-d01-1,apiserver,1,10.1.40.49,docker010001040049,false,8.0G,,rc8f73122.cloud.nu17,10.1.7.11,A06
houyi--ecs-cn-beijing-bgm-d01-1,tair_dataserver_1,0,10.1.40.50,docker010001040050,false,8.0G,,rc85c6127.cloud.nu17,10.1.7.31,B03
houyi--ecs-cn-beijing-bgm-d01-1,apiproxy,0,10.1.40.51,docker010001040051,false,1.0G,,rc8255121.cloud.nu17,10.1.7.12,A02
houyi--ecs-cn-beijing-bgm-d01-1,apiproxy,1,10.1.40.52,docker010001040052,false,1.0G,,rc8f73122.cloud.nu17,10.1.7.11,A06
houyi--ecs-cn-beijing-bgm-d01-1,rhs,0,10.1.40.53,docker010001040053,false,2.0G,,rc8255121.cloud.nu17,10.1.7.12,A02
houyi--ecs-cn-beijing-bgm-d01-1,tair_configserver_1,0,10.1.40.54,docker010001040054,false,2.0G,,rc8255121.cloud.nu17,10.1.7.12,A02
houyi--ecs-cn-beijing-bgm-d01-1,global_rms,0,10.1.40.55,docker010001040055,false,2.0G,,rc8255121.cloud.nu17,10.1.7.12,A02
houyi--ecs-cn-beijing-bgm-d01-1,global_rms,1,10.1.40.56,docker010001040056,false,2.0G,,rc8f73122.cloud.nu17,10.1.7.11,A06
houyi--ecs-cn-beijing-bgm-d01-1,tair_configserver_2,0,10.1.40.57,docker010001040057,false,2.0G,,rc8f73122.cloud.nu17,10.1.7.11,A06
houyi--ecs-cn-beijing-bgm-d01-1,zookeeper_2,0,10.1.40.58,docker010001040058,false,1.0G,,rc8255121.cloud.nu17,10.1.7.12,A02
houyi--ecs-cn-beijing-bgm-d01-1,zookeeper_3,0,10.1.40.59,docker010001040059,false,1.0G,,rc8f73122.cloud.nu17,10.1.7.11,A06
houyi--ecs-cn-beijing-bgm-d01-1,regionmaster,0,10.1.40.60,docker010001040060,false,10.0G,,rc8255121.cloud.nu17,10.1.7.12,A02
houyi--ecs-cn-beijing-bgm-d01-1,regionmaster,1,10.1.40.61,docker010001040061,false,10.0G,,rc85c6127.cloud.nu17,10.1.7.31,B03
houyi--ecs-cn-beijing-bgm-d01-1,ecs_db_init,0,auto,-,false,2.0G,,rc8255121.cloud.nu17,10.1.7.12,A02
houyi--ecs-cn-beijing-bgm-d01-1,zookeeper_1,0,10.1.40.62,docker010001040062,false,1.0G,,rc85c6127.cloud.nu17,10.1.7.31,B03
inner--ots-cn-beijing-bgm-d01-1,test,0,auto,-,false,4.0G,,rc8255121.cloud.nu17,10.1.7.12,A02
inner--ots-cn-beijing-bgm-d01-1,ots_ag,0,10.1.40.63,docker010001040063,false,4.0G,,rc8255121.cloud.nu17,10.1.7.12,A02
inner--ots-cn-beijing-bgm-d01-1,monitor,0,10.1.40.64,docker010001040064,false,4.0G,,rc8255121.cloud.nu17,10.1.7.12,A02
inner--ots-cn-beijing-bgm-d01-1,monitor,1,10.1.40.65,docker010001040065,false,4.0G,,rc85c6127.cloud.nu17,10.1.7.31,B03
inner--ots-cn-beijing-bgm-d01-1,monitor,2,10.1.40.66,docker010001040066,false,4.0G,,rc8255126.cloud.nu17,10.1.7.19,A06
resStock--webapp-cn-beijing-bgm-d01-1,ops-aliyun-inc-com,0,10.1.40.67,docker010001040067,false,4.0G,,rc8255121.cloud.nu17,10.1.7.12,A02
resStock--webapp-cn-beijing-bgm-d01-1,ops-aliyun-inc-com,1,10.1.40.68,docker010001040068,false,4.0G,,rc8f73127.cloud.nu17,10.1.8.69,A07
resStock--webapp-cn-beijing-bgm-d01-1,res-stock-center,0,10.1.40.69,docker010001040069,false,4.0G,,rc8255121.cloud.nu17,10.1.7.12,A02
resStock--webapp-cn-beijing-bgm-d01-1,res-stock-center,1,10.1.40.70,docker010001040070,false,4.0G,,rc8f73146.cloud.nu17,10.1.8.110,A07
aas-openapi--baseService-cn-beijing-bgm-d01-1,account-lite-openapi,0,auto,-,false,2.0G,,rc8255121.cloud.nu17,10.1.7.12,A02
cloud-service-center--baseService-cn-beijing-bgm-d01-1,cloud-service-center-init,0,auto,-,false,1.0G,,rc8255121.cloud.nu17,10.1.7.12,A02
cloud-service-center--baseService-cn-beijing-bgm-d01-1,cloundservicecenter-aliyun-com,0,10.1.40.72,docker010001040072,false,4.0G,,rc8255121.cloud.nu17,10.1.7.12,A02
cloud-service-center--baseService-cn-beijing-bgm-d01-1,cloundservicecenter-aliyun-com,1,10.1.40.73,docker010001040073,false,4.0G,,rc8f73127.cloud.nu17,10.1.8.69,A07
cloud-service-center--baseService-cn-beijing-bgm-d01-1,cloud-service-center-test,0,auto,-,false,2.0G,,rc8255121.cloud.nu17,10.1.7.12,A02
cloud-armory--armory-cn-beijing-bgm-d01-1,cloud-armory-db,0,auto,-,false,2.0G,,rc8255121.cloud.nu17,10.1.7.12,A02
cloud-armory--armory-cn-beijing-bgm-d01-1,cloud-armory-test,0,auto,-,false,2.0G,,rc8255121.cloud.nu17,10.1.7.12,A02
cloud-armory--armory-cn-beijing-bgm-d01-1,cloud-armory-web,0,10.1.40.74,docker010001040074,false,8.0G,,rc85c6120.cloud.nu17,10.1.8.67,A03
cloud-armory--armory-cn-beijing-bgm-d01-1,cloud-armory-web,1,10.1.40.75,docker010001040075,false,8.0G,,rc8255126.cloud.nu17,10.1.7.19,A06
luorigong--ecs-cn-beijing-bgm-d01-1,db-init,0,auto,-,false,2.0G,,rc8255121.cloud.nu17,10.1.7.12,A02
luorigong--ecs-cn-beijing-bgm-d01-1,sop,0,10.1.40.76,docker010001040076,false,2.0G,,rc85c6127.cloud.nu17,10.1.7.31,B03
luorigong--ecs-cn-beijing-bgm-d01-1,file-server,0,10.1.40.77,docker010001040077,false,2.0G,,rc85c6127.cloud.nu17,10.1.7.31,B03
luorigong--ecs-cn-beijing-bgm-d01-1,aol,0,10.1.40.78,docker010001040078,false,2.0G,,rc85c6127.cloud.nu17,10.1.7.31,B03
luorigong--ecs-cn-beijing-bgm-d01-1,git-server,0,10.1.40.79,docker010001040079,false,2.0G,,rc85c6127.cloud.nu17,10.1.7.31,B03
luorigong--ecs-cn-beijing-bgm-d01-1,cloud-cmdb-new,0,10.1.40.80,docker010001040080,false,1.966796875G,,rc85c6127.cloud.nu17,10.1.7.31,B03
luorigong--ecs-cn-beijing-bgm-d01-1,rabbitmq-server,0,10.1.40.81,docker010001040081,false,2.0G,,rc85c6127.cloud.nu17,10.1.7.31,B03
luorigong--ecs-cn-beijing-bgm-d01-1,luorigong-2,0,10.1.40.82,docker010001040082,false,4.0G,,rc85c6127.cloud.nu17,10.1.7.31,B03
luorigong--ecs-cn-beijing-bgm-d01-1,test-demo,0,auto,-,false,2.0G,,rc85c6127.cloud.nu17,10.1.7.31,B03
luorigong--ecs-cn-beijing-bgm-d01-1,deploy-common,0,10.1.40.83,docker010001040083,false,2.0G,,rc85c6127.cloud.nu17,10.1.7.31,B03
luorigong--ecs-cn-beijing-bgm-d01-1,ecs-big-ag,0,10.1.40.84,docker010001040084,false,2.0G,,rc85c6127.cloud.nu17,10.1.7.31,B03
luorigong--ecs-cn-beijing-bgm-d01-1,deploy-brain,0,10.1.40.85,docker010001040085,false,2.0G,,rc85c6127.cloud.nu17,10.1.7.31,B03
pop--webapp-cn-beijing-bgm-d01-1,pop-test-aliyun-com,0,auto,-,false,4.0G,,rc85c6127.cloud.nu17,10.1.7.31,B03
pop--webapp-cn-beijing-bgm-d01-1,pop-aliyun-com,0,10.1.40.86,docker010001040086,false,4.0G,,rc8255126.cloud.nu17,10.1.7.19,A06
pop--webapp-cn-beijing-bgm-d01-1,pop-aliyun-com,1,10.1.40.87,docker010001040087,false,4.0G,,rc8255118.cloud.nu17,10.1.7.7,A02
pop--webapp-cn-beijing-bgm-d01-1,pop-db-aliyun-com,0,auto,-,false,4.0G,,rc8255126.cloud.nu17,10.1.7.19,A06
pop--webapp-cn-beijing-bgm-d01-1,pop-api-aliyun-com,0,10.1.40.88,docker010001040088,false,4.0G,,rc8255126.cloud.nu17,10.1.7.19,A06
pop--webapp-cn-beijing-bgm-d01-1,pop-api-aliyun-com,1,10.1.40.89,docker010001040089,false,4.0G,,rc8255118.cloud.nu17,10.1.7.7,A02
tianlong--rds-cn-beijing-bgm-d01-1,tl-update-conf,0,10.1.40.90,docker010001040090,false,4.0G,,rc8255126.cloud.nu17,10.1.7.19,A06
tianlong--rds-cn-beijing-bgm-d01-1,tl-server,0,10.1.40.91,docker010001040091,false,4.0G,,rc8255126.cloud.nu17,10.1.7.19,A06
tianlong--rds-cn-beijing-bgm-d01-1,dns-hack,0,10.1.40.92,docker010001040092,false,4.0G,,rc8255126.cloud.nu17,10.1.7.19,A06
tianlong--rds-cn-beijing-bgm-d01-1,db-init,0,auto,-,false,4.0G,,rc8255126.cloud.nu17,10.1.7.19,A06
tianlong--rds-cn-beijing-bgm-d01-1,yum-repo-server,0,10.1.40.93,docker010001040093,false,4.0G,,rc8255126.cloud.nu17,10.1.7.19,A06
common--webapp-cn-beijing-bgm-d01-1,console-common-service,0,10.1.40.94,docker010001040094,false,4.0G,,rc8255126.cloud.nu17,10.1.7.19,A06
common--webapp-cn-beijing-bgm-d01-1,console-common-service,1,10.1.40.95,docker010001040095,false,4.0G,,rc8255118.cloud.nu17,10.1.7.7,A02
alertportal--tianji-cn-beijing-bgm-d01-1,test,0,auto,-,false,2.0G,,rc8255126.cloud.nu17,10.1.7.19,A06
alertportal--tianji-cn-beijing-bgm-d01-1,alertportalWEB,0,10.1.40.96,docker010001040096,false,4.0G,,rc8255126.cloud.nu17,10.1.7.19,A06
alertportal--tianji-cn-beijing-bgm-d01-1,alertportalWEB,1,10.1.40.97,docker010001040097,false,4.0G,,rc8255118.cloud.nu17,10.1.7.7,A02
alertportal--tianji-cn-beijing-bgm-d01-1,alertportalDB,0,auto,-,false,2.0G,,rc8255126.cloud.nu17,10.1.7.19,A06
ocm--ots-cn-beijing-bgm-d01-1,controller,0,10.1.40.98,docker010001040098,false,2.0G,,rc8255126.cloud.nu17,10.1.7.19,A06
ocm--ots-cn-beijing-bgm-d01-1,controller,1,10.1.40.99,docker010001040099,false,2.0G,,rc8255118.cloud.nu17,10.1.7.7,A02
ocm--ots-cn-beijing-bgm-d01-1,api_server,0,10.1.40.100,docker010001040100,false,2.0G,,rc8255126.cloud.nu17,10.1.7.19,A06
cactus--yundun-cn-beijing-bgm-d01-1,cactus-test,0,auto,-,false,2.0G,,rc8255126.cloud.nu17,10.1.7.19,A06
cactus--yundun-cn-beijing-bgm-d01-1,cactus-batch,0,10.1.40.101,docker010001040101,false,2.0G,,rc8255126.cloud.nu17,10.1.7.19,A06
cactus--yundun-cn-beijing-bgm-d01-1,cactus-batch,1,10.1.40.102,docker010001040102,false,2.0G,,rc8255118.cloud.nu17,10.1.7.7,A02
cactus--yundun-cn-beijing-bgm-d01-1,cactus-keeper,0,10.1.40.103,docker010001040103,false,2.0G,,rc8255126.cloud.nu17,10.1.7.19,A06
cactus--yundun-cn-beijing-bgm-d01-1,cactus-keeper,1,10.1.40.104,docker010001040104,false,2.0G,,rc8255118.cloud.nu17,10.1.7.7,A02
cactus--yundun-cn-beijing-bgm-d01-1,cactus-db,0,auto,-,false,2.0G,,rc8255126.cloud.nu17,10.1.7.19,A06
yaochi--ecs-cn-beijing-bgm-d01-1,ecs-dts,0,10.1.40.105,docker010001040105,false,4.0G,,rc8255126.cloud.nu17,10.1.7.19,A06
yaochi--ecs-cn-beijing-bgm-d01-1,ecs-dts,1,10.1.40.106,docker010001040106,false,4.0G,,rc8255118.cloud.nu17,10.1.7.7,A02
yaochi--ecs-cn-beijing-bgm-d01-1,ecs-yaochi-opsapi-init,0,auto,-,false,2.0G,,rc8255126.cloud.nu17,10.1.7.19,A06
yaochi--ecs-cn-beijing-bgm-d01-1,metric_collector,0,10.1.40.107,docker010001040107,false,4.0G,,rc8255126.cloud.nu17,10.1.7.19,A06
yaochi--ecs-cn-beijing-bgm-d01-1,metric_collector,1,10.1.40.108,docker010001040108,false,4.0G,,rc8255118.cloud.nu17,10.1.7.7,A02
yaochi--ecs-cn-beijing-bgm-d01-1,ecs-yaochi-api-init,0,10.1.40.109,docker010001040109,false,2.0G,,rc8255126.cloud.nu17,10.1.7.19,A06
yaochi--ecs-cn-beijing-bgm-d01-1,ecs-opsapi-service-aliyun-com,0,10.1.40.110,docker010001040110,false,4.0G,,rc8255126.cloud.nu17,10.1.7.19,A06
yaochi--ecs-cn-beijing-bgm-d01-1,ecs-opsapi-service-aliyun-com,1,10.1.40.111,docker010001040111,false,4.0G,,rc8255118.cloud.nu17,10.1.7.7,A02
yaochi--ecs-cn-beijing-bgm-d01-1,ecs-openapi-service-aliyun-com,0,10.1.40.112,docker010001040112,false,4.0G,,rc8255126.cloud.nu17,10.1.7.19,A06
yaochi--ecs-cn-beijing-bgm-d01-1,ecs-openapi-service-aliyun-com,1,10.1.40.113,docker010001040113,false,4.0G,,rc8255118.cloud.nu17,10.1.7.7,A02
yaochi--ecs-cn-beijing-bgm-d01-1,ecs-yaochi-classic-test,0,auto,-,false,2.0G,,rc8255126.cloud.nu17,10.1.7.19,A06
yaochi--ecs-cn-beijing-bgm-d01-1,ecs-location-init,0,10.1.40.114,docker010001040114,false,2.0G,,rc8255126.cloud.nu17,10.1.7.19,A06
yaochi--ecs-cn-beijing-bgm-d01-1,ecs_task,0,10.1.40.115,docker010001040115,false,4.0G,,rc8255126.cloud.nu17,10.1.7.19,A06
yaochi--ecs-cn-beijing-bgm-d01-1,ecs_task,1,10.1.40.116,docker010001040116,false,4.0G,,rc8255118.cloud.nu17,10.1.7.7,A02
yaochi--ecs-cn-beijing-bgm-d01-1,ecsdriver-service-aliyun-com,0,10.1.40.117,docker010001040117,false,4.0G,,rc8255118.cloud.nu17,10.1.7.7,A02
yaochi--ecs-cn-beijing-bgm-d01-1,ecsdriver-service-aliyun-com,1,10.1.40.118,docker010001040118,false,4.0G,,rc8f73132.cloud.nu17,10.1.7.26,A09
yaochi--ecs-cn-beijing-bgm-d01-1,ecs_change,0,10.1.40.119,docker010001040119,false,6.0G,,rc8255118.cloud.nu17,10.1.7.7,A02
yaochi--ecs-cn-beijing-bgm-d01-1,ecs_change,1,10.1.40.120,docker010001040120,false,6.0G,,rc8f73132.cloud.nu17,10.1.7.26,A09
yaochi--ecs-cn-beijing-bgm-d01-1,mqbus-service-aliyun-com,0,10.1.40.121,docker010001040121,false,4.0G,,rc8255118.cloud.nu17,10.1.7.7,A02
yaochi--ecs-cn-beijing-bgm-d01-1,mqbus-service-aliyun-com,1,10.1.40.122,docker010001040122,false,4.0G,,rc8f73132.cloud.nu17,10.1.7.26,A09
yaochi--ecs-cn-beijing-bgm-d01-1,ecs_base_service,0,10.1.40.123,docker010001040123,false,4.0G,,rc8255118.cloud.nu17,10.1.7.7,A02
yaochi--ecs-cn-beijing-bgm-d01-1,ecs_base_service,1,10.1.40.124,docker010001040124,false,4.0G,,rc8f73132.cloud.nu17,10.1.7.26,A09
yaochi--ecs-cn-beijing-bgm-d01-1,ecs-yaochi-db-init,0,10.1.41.209,docker010001041209,false,2.0G,,rc8255118.cloud.nu17,10.1.7.7,A02
odps_apsara--odps-cn-beijing-bgm-d01-1,package_manager,0,10.1.40.125,docker010001040125,false,2.0G,,rc8255118.cloud.nu17,10.1.7.7,A02
odps_apsara--odps-cn-beijing-bgm-d01-1,package_manager,1,10.1.40.126,docker010001040126,false,2.0G,,rc8f73132.cloud.nu17,10.1.7.26,A09
odps_apsara--odps-cn-beijing-bgm-d01-1,ag,0,10.1.40.127,docker010001040127,false,2.0G,,rc8255118.cloud.nu17,10.1.7.7,A02
odps_apsara--odps-cn-beijing-bgm-d01-1,nuwa,0,10.1.40.128,docker010001040128,false,8.0G,,rc8255118.cloud.nu17,10.1.7.7,A02
odps_apsara--odps-cn-beijing-bgm-d01-1,nuwa,1,10.1.40.129,docker010001040129,false,8.0G,,rc8f73132.cloud.nu17,10.1.7.26,A09
odps_apsara--odps-cn-beijing-bgm-d01-1,nuwa,2,10.1.40.130,docker010001040130,false,8.0G,,rc8255123.cloud.nu17,10.1.7.15,A06
odps_apsara--odps-cn-beijing-bgm-d01-1,fuxi_master,0,10.1.40.131,docker010001040131,false,10.0G,,rc85c6120.cloud.nu17,10.1.8.67,A03
odps_apsara--odps-cn-beijing-bgm-d01-1,fuxi_master,1,10.1.40.132,docker010001040132,false,10.0G,,rc8f73132.cloud.nu17,10.1.7.26,A09
odps_apsara--odps-cn-beijing-bgm-d01-1,pangu_master,0,10.1.40.133,docker010001040133,true,16.0G,,rc8255118.cloud.nu17,10.1.7.7,A02
odps_apsara--odps-cn-beijing-bgm-d01-1,pangu_master,1,10.1.40.134,docker010001040134,true,16.0G,,rc8f73132.cloud.nu17,10.1.7.26,A09
odps_apsara--odps-cn-beijing-bgm-d01-1,pangu_master,2,10.1.40.135,docker010001040135,true,16.0G,,rc8255123.cloud.nu17,10.1.7.15,A06
zookeeper--middleWare-cn-beijing-bgm-d01-1,zk-init,0,auto,-,false,1.0G,,rc8255121.cloud.nu17,10.1.7.12,A02
zookeeper--middleWare-cn-beijing-bgm-d01-1,zk-test,0,auto,-,false,1.0G,,rc85c6127.cloud.nu17,10.1.7.31,B03
zookeeper--middleWare-cn-beijing-bgm-d01-1,zk,0,10.1.40.136,docker010001040136,false,4.0G,,rc8f73132.cloud.nu17,10.1.7.26,A09
zookeeper--middleWare-cn-beijing-bgm-d01-1,zk,1,10.1.40.137,docker010001040137,false,4.0G,,rc85c6139.cloud.nu17,10.1.7.43,A02
zookeeper--middleWare-cn-beijing-bgm-d01-1,zk,2,10.1.40.138,docker010001040138,false,4.0G,,rc8255123.cloud.nu17,10.1.7.15,A06
yaochi--slb-cn-beijing-bgm-d01-1,slbabs-service-aliyun-com,0,10.1.40.139,docker010001040139,false,2.0G,,rc8f73132.cloud.nu17,10.1.7.26,A09
yaochi--slb-cn-beijing-bgm-d01-1,slbabs-service-aliyun-com,1,10.1.40.140,docker010001040140,false,2.0G,,rc85c6139.cloud.nu17,10.1.7.43,A02
yaochi--slb-cn-beijing-bgm-d01-1,slb_service,0,10.1.40.141,docker010001040141,false,2.0G,,rc8f73127.cloud.nu17,10.1.8.69,A07
yaochi--slb-cn-beijing-bgm-d01-1,slb_service,1,10.1.40.142,docker010001040142,false,2.0G,,rc85c6139.cloud.nu17,10.1.7.43,A02
yaochi--slb-cn-beijing-bgm-d01-1,slb-location-tools,0,auto,-,false,2.0G,,rc8f73132.cloud.nu17,10.1.7.26,A09
yaochi--slb-cn-beijing-bgm-d01-1,slb_test,0,auto,-,false,2.0G,,rc8f73132.cloud.nu17,10.1.7.26,A09
yaochi--slb-cn-beijing-bgm-d01-1,slb_service_init,0,auto,-,false,1.0G,,rc8255118.cloud.nu17,10.1.7.7,A02
yaochi--ots-cn-beijing-bgm-d01-1,ots_yaochi,0,10.1.40.143,docker010001040143,false,4.0G,,rc8f73132.cloud.nu17,10.1.7.26,A09
yaochi--ots-cn-beijing-bgm-d01-1,ots_yaochi_test,0,auto,-,false,2.0G,,rc8f73132.cloud.nu17,10.1.7.26,A09
yaochi--ots-cn-beijing-bgm-d01-1,ots-console-aliyun-com,0,10.1.40.144,docker010001040144,false,4.0G,,rc8f73132.cloud.nu17,10.1.7.26,A09
yaochi--ots-cn-beijing-bgm-d01-1,ots-console-aliyun-com,1,10.1.40.145,docker010001040145,false,4.0G,,rc85c6139.cloud.nu17,10.1.7.43,A02
aas--baseService-cn-beijing-bgm-d01-1,account-lite-web-aliyun-com-test,0,auto,-,false,2.0G,,rc8f73132.cloud.nu17,10.1.7.26,A09
aas--baseService-cn-beijing-bgm-d01-1,account-lite-web-aliyun-com,0,10.1.40.146,docker010001040146,false,4.0G,,rc8f73132.cloud.nu17,10.1.7.26,A09
aas--baseService-cn-beijing-bgm-d01-1,account-lite-web-aliyun-com,1,10.1.40.147,docker010001040147,false,4.0G,,rc85c6139.cloud.nu17,10.1.7.43,A02
aas--baseService-cn-beijing-bgm-d01-1,account-session-aliyun-com,0,10.1.40.148,docker010001040148,false,4.0G,,rc8f73132.cloud.nu17,10.1.7.26,A09
aas--baseService-cn-beijing-bgm-d01-1,account-session-aliyun-com,1,10.1.40.149,docker010001040149,false,4.0G,,rc85c6139.cloud.nu17,10.1.7.43,A02
aas--baseService-cn-beijing-bgm-d01-1,account-lite-web-aliyun-com-dbinit,0,auto,-,false,2.0G,,rc8f73132.cloud.nu17,10.1.7.26,A09
monitor--slb-cn-beijing-bgm-d01-1,slb-monitor-oms,0,10.1.40.150,docker010001040150,false,4.0G,,rc8f73132.cloud.nu17,10.1.7.26,A09
monitor--slb-cn-beijing-bgm-d01-1,slb-monitor-cms,0,10.1.40.151,docker010001040151,false,4.0G,,rc8f73132.cloud.nu17,10.1.7.26,A09
public--galaxy-cn-beijing-bgm-d01-1,galaxy_ag,0,10.1.40.152,docker010001040152,false,8.0G,,rc85c6139.cloud.nu17,10.1.7.43,A02
public--galaxy-cn-beijing-bgm-d01-1,zookeeper,0,10.1.40.153,docker010001040153,false,4.0G,,rc8f73132.cloud.nu17,10.1.7.26,A09
public--galaxy-cn-beijing-bgm-d01-1,zookeeper,1,10.1.40.154,docker010001040154,false,4.0G,,rc85c6139.cloud.nu17,10.1.7.43,A02
public--galaxy-cn-beijing-bgm-d01-1,zookeeper,2,10.1.40.155,docker010001040155,false,4.0G,,rc8255123.cloud.nu17,10.1.7.15,A06
public--galaxy-cn-beijing-bgm-d01-1,datahub_ag,0,10.1.40.156,docker010001040156,false,4.0G,,rc85c6139.cloud.nu17,10.1.7.43,A02
public--galaxy-cn-beijing-bgm-d01-1,bayes_ag,0,10.1.40.157,docker010001040157,false,8.0G,,rc85c6139.cloud.nu17,10.1.7.43,A02
public--galaxy-cn-beijing-bgm-d01-1,datahub_smoke_test,0,auto,-,false,8.0G,,rc85c6139.cloud.nu17,10.1.7.43,A02
public--galaxy-cn-beijing-bgm-d01-1,bayes_smoke_test,0,auto,-,false,4.0G,,rc85c6139.cloud.nu17,10.1.7.43,A02
public--galaxy-cn-beijing-bgm-d01-1,galaxy_smoke_test,0,10.1.41.214,docker010001041214,false,4.0G,,rc85c6139.cloud.nu17,10.1.7.43,A02
public--galaxy-cn-beijing-bgm-d01-1,gallardo_ag,0,10.1.40.158,docker010001040158,false,2.0G,,rc85c6139.cloud.nu17,10.1.7.43,A02
yaochi--odps-cn-beijing-bgm-d01-1,odps-yaochi-service,0,10.1.40.159,docker010001040159,false,4.0G,,rc85c6139.cloud.nu17,10.1.7.43,A02
yaochi--odps-cn-beijing-bgm-d01-1,odps-yaochi-service,1,10.1.40.160,docker010001040160,false,4.0G,,rc8255123.cloud.nu17,10.1.7.15,A06
yaochi--odps-cn-beijing-bgm-d01-1,odps-yaochi-console,0,10.1.40.161,docker010001040161,false,4.0G,,rc85c6139.cloud.nu17,10.1.7.43,A02
yaochi--odps-cn-beijing-bgm-d01-1,odps-yaochi-console,1,10.1.40.162,docker010001040162,false,4.0G,,rc85c6120.cloud.nu17,10.1.8.67,A03
yaochi--odps-cn-beijing-bgm-d01-1,odps-yaochi-location,0,auto,-,false,2.0G,,rc85c6139.cloud.nu17,10.1.7.43,A02
yaochi--odps-cn-beijing-bgm-d01-1,odps-yaochi-dbinit,0,auto,-,false,2.0G,,rc85c6139.cloud.nu17,10.1.7.43,A02
ocm--oss-cn-beijing-bgm-d01-1,controller,0,10.1.40.163,docker010001040163,false,2.0G,,rc85c6139.cloud.nu17,10.1.7.43,A02
ocm--oss-cn-beijing-bgm-d01-1,controller,1,10.1.40.164,docker010001040164,false,2.0G,,rc8255123.cloud.nu17,10.1.7.15,A06
yaochi--oss-cn-beijing-bgm-d01-1,oss-yaochi-test,0,auto,-,false,2.0G,,rc85c6139.cloud.nu17,10.1.7.43,A02
yaochi--oss-cn-beijing-bgm-d01-1,oss_service,0,10.1.40.165,docker010001040165,false,4.0G,,rc85c6139.cloud.nu17,10.1.7.43,A02
yaochi--oss-cn-beijing-bgm-d01-1,oss_service,1,10.1.40.166,docker010001040166,false,4.0G,,rc8255123.cloud.nu17,10.1.7.15,A06
yaochi--oss-cn-beijing-bgm-d01-1,oss_service_init,0,auto,-,false,1.0G,,rc8f73132.cloud.nu17,10.1.7.26,A09
erms--webapp-cn-beijing-bgm-d01-1,erms-console-aliyun-com-init,0,auto,-,false,2.0G,,rc85c6139.cloud.nu17,10.1.7.43,A02
erms--webapp-cn-beijing-bgm-d01-1,erms-console-aliyun-com,0,10.1.40.167,docker010001040167,false,4.0G,,rc85c6139.cloud.nu17,10.1.7.43,A02
erms--webapp-cn-beijing-bgm-d01-1,erms-console-aliyun-com,1,10.1.40.168,docker010001040168,false,4.0G,,rc85c6120.cloud.nu17,10.1.8.67,A03
erms--webapp-cn-beijing-bgm-d01-1,erms-console-aliyun-com-test,0,auto,-,false,2.0G,,rc85c6139.cloud.nu17,10.1.7.43,A02
apsara_service--ads-cn-beijing-bgm-d01-1,package_manager,0,10.1.40.169,docker010001040169,false,3.0G,,rc85c6139.cloud.nu17,10.1.7.43,A02
apsara_service--ads-cn-beijing-bgm-d01-1,package_manager,1,10.1.40.170,docker010001040170,false,3.0G,,rc8255123.cloud.nu17,10.1.7.15,A06
apsara_service--ads-cn-beijing-bgm-d01-1,ag,0,10.1.40.171,docker010001040171,false,2.0G,,rc85c6139.cloud.nu17,10.1.7.43,A02
apsara_service--ads-cn-beijing-bgm-d01-1,nuwa,0,10.1.40.172,docker010001040172,false,8.0G,,rc8255123.cloud.nu17,10.1.7.15,A06
apsara_service--ads-cn-beijing-bgm-d01-1,nuwa,1,10.1.40.173,docker010001040173,false,8.0G,,rc823a100.cloud.nu17,10.1.7.1,B03
apsara_service--ads-cn-beijing-bgm-d01-1,nuwa,2,10.1.40.174,docker010001040174,false,8.0G,,rc823a124.cloud.nu17,10.1.7.8,A09
apsara_service--ads-cn-beijing-bgm-d01-1,fuxi_master,0,10.1.40.175,docker010001040175,false,10.0G,,rc8255123.cloud.nu17,10.1.7.15,A06
apsara_service--ads-cn-beijing-bgm-d01-1,fuxi_master,1,10.1.40.176,docker010001040176,false,10.0G,,rc823a100.cloud.nu17,10.1.7.1,B03
apsara_service--ads-cn-beijing-bgm-d01-1,pangu_master,0,10.1.40.177,docker010001040177,true,32.0G,,rc8255123.cloud.nu17,10.1.7.15,A06
apsara_service--ads-cn-beijing-bgm-d01-1,pangu_master,1,10.1.40.178,docker010001040178,true,32.0G,,rc823a100.cloud.nu17,10.1.7.1,B03
apsara_service--ads-cn-beijing-bgm-d01-1,pangu_master,2,10.1.40.179,docker010001040179,true,32.0G,,rc823a124.cloud.nu17,10.1.7.8,A09
controller--slb-cn-beijing-bgm-d01-1,slb-control-haproxy,0,10.1.40.180,docker010001040180,false,4.0G,,rc8255123.cloud.nu17,10.1.7.15,A06
controller--slb-cn-beijing-bgm-d01-1,slb-ag,0,10.1.40.181,docker010001040181,false,4.0G,,rc8255123.cloud.nu17,10.1.7.15,A06
controller--slb-cn-beijing-bgm-d01-1,slb-monitor-master,0,10.1.40.182,docker010001040182,false,4.0G,,rc8255123.cloud.nu17,10.1.7.15,A06
controller--slb-cn-beijing-bgm-d01-1,slb-api,0,10.1.40.183,docker010001040183,false,4.0G,,rc85c6120.cloud.nu17,10.1.8.67,A03
controller--slb-cn-beijing-bgm-d01-1,slb-api,1,10.1.40.184,docker010001040184,false,4.0G,,rc8f73127.cloud.nu17,10.1.8.69,A07
controller--slb-cn-beijing-bgm-d01-1,slb-control-master,0,10.1.40.185,docker010001040185,false,4.0G,,rc8f73127.cloud.nu17,10.1.8.69,A07
controller--slb-cn-beijing-bgm-d01-1,slb-control-master,1,10.1.40.186,docker010001040186,false,4.0G,,rc85c6120.cloud.nu17,10.1.8.67,A03
controller--slb-cn-beijing-bgm-d01-1,slb-test,0,auto,-,false,2.0G,,rc85c6139.cloud.nu17,10.1.7.43,A02
controller--slb-cn-beijing-bgm-d01-1,slb-redis,0,10.1.40.187,docker010001040187,false,4.0G,,rc823a100.cloud.nu17,10.1.7.1,B03
public_apsara--galaxy-cn-beijing-bgm-d01-1,package_manager,0,10.1.40.188,docker010001040188,false,3.0G,,rc823a100.cloud.nu17,10.1.7.1,B03
public_apsara--galaxy-cn-beijing-bgm-d01-1,package_manager,1,10.1.40.189,docker010001040189,false,3.0G,,rc823a124.cloud.nu17,10.1.7.8,A09
public_apsara--galaxy-cn-beijing-bgm-d01-1,ag,0,10.1.40.190,docker010001040190,false,2.0G,,rc823a100.cloud.nu17,10.1.7.1,B03
public_apsara--galaxy-cn-beijing-bgm-d01-1,nuwa,0,10.1.40.191,docker010001040191,false,8.0G,,rc823a100.cloud.nu17,10.1.7.1,B03
public_apsara--galaxy-cn-beijing-bgm-d01-1,nuwa,1,10.1.40.192,docker010001040192,false,8.0G,,rc823a124.cloud.nu17,10.1.7.8,A09
public_apsara--galaxy-cn-beijing-bgm-d01-1,nuwa,2,10.1.40.193,docker010001040193,false,8.0G,,rc823a121.cloud.nu17,10.1.8.50,B02
public_apsara--galaxy-cn-beijing-bgm-d01-1,fuxi_master,0,10.1.40.194,docker010001040194,false,10.0G,,rc823a100.cloud.nu17,10.1.7.1,B03
public_apsara--galaxy-cn-beijing-bgm-d01-1,fuxi_master,1,10.1.40.195,docker010001040195,false,10.0G,,rc823a124.cloud.nu17,10.1.7.8,A09
public_apsara--galaxy-cn-beijing-bgm-d01-1,pangu_master,0,10.1.40.196,docker010001040196,true,16.0G,,rc823a100.cloud.nu17,10.1.7.1,B03
public_apsara--galaxy-cn-beijing-bgm-d01-1,pangu_master,1,10.1.40.197,docker010001040197,true,16.0G,,rc823a124.cloud.nu17,10.1.7.8,A09
public_apsara--galaxy-cn-beijing-bgm-d01-1,pangu_master,2,10.1.40.198,docker010001040198,true,16.0G,,rc823a121.cloud.nu17,10.1.8.50,B02
baseBizApp--base-cn-beijing-bgm-d01-1,base-biz-wkbench,0,10.1.40.199,docker010001040199,false,4.0G,,rc823a100.cloud.nu17,10.1.7.1,B03
baseBizApp--base-cn-beijing-bgm-d01-1,base-biz-wkbench,1,10.1.40.200,docker010001040200,false,4.0G,,rc823a124.cloud.nu17,10.1.7.8,A09
baseBizApp--base-cn-beijing-bgm-d01-1,base-biz-dqcsupervisor,0,10.1.40.201,docker010001040201,false,4.0G,,rc823a100.cloud.nu17,10.1.7.1,B03
baseBizApp--base-cn-beijing-bgm-d01-1,base-biz-dqcsupervisor,1,10.1.40.202,docker010001040202,false,4.0G,,rc823a124.cloud.nu17,10.1.7.8,A09
baseBizApp--base-cn-beijing-bgm-d01-1,base-biz-gateway,0,10.1.40.203,docker010001040203,true,16.0G,,rc823a101.cloud.nu17,10.1.7.2,B03
baseBizApp--base-cn-beijing-bgm-d01-1,base-biz-gateway,1,10.1.40.204,docker010001040204,true,16.0G,,rc823a121.cloud.nu17,10.1.8.50,B02
baseBizApp--base-cn-beijing-bgm-d01-1,redis1,0,10.1.40.205,docker010001040205,false,4.0G,,rc823a100.cloud.nu17,10.1.7.1,B03
baseBizApp--base-cn-beijing-bgm-d01-1,redis2,0,10.1.40.206,docker010001040206,false,4.0G,,rc823a100.cloud.nu17,10.1.7.1,B03
baseBizApp--base-cn-beijing-bgm-d01-1,base-biz-phoenix,0,10.1.40.207,docker010001040207,false,4.0G,,rc823a100.cloud.nu17,10.1.7.1,B03
baseBizApp--base-cn-beijing-bgm-d01-1,base-biz-phoenix,1,10.1.40.208,docker010001040208,false,4.0G,,rc823a124.cloud.nu17,10.1.7.8,A09
baseBizApp--base-cn-beijing-bgm-d01-1,base-biz-alisa,0,10.1.40.209,docker010001040209,false,4.0G,,rc823a100.cloud.nu17,10.1.7.1,B03
baseBizApp--base-cn-beijing-bgm-d01-1,base-biz-alisa,1,10.1.40.210,docker010001040210,false,4.0G,,rc823a124.cloud.nu17,10.1.7.8,A09
baseBizApp--base-cn-beijing-bgm-d01-1,base-biz-tenant,0,10.1.40.211,docker010001040211,false,4.0G,,rc823a124.cloud.nu17,10.1.7.8,A09
baseBizApp--base-cn-beijing-bgm-d01-1,base-biz-tenant,1,10.1.40.212,docker010001040212,false,4.0G,,rc823a101.cloud.nu17,10.1.7.2,B03
baseBizApp--base-cn-beijing-bgm-d01-1,base-biz-cdp,0,10.1.40.213,docker010001040213,false,4.0G,,rc823a124.cloud.nu17,10.1.7.8,A09
baseBizApp--base-cn-beijing-bgm-d01-1,base-biz-cdp,1,10.1.40.214,docker010001040214,false,4.0G,,rc823a101.cloud.nu17,10.1.7.2,B03
baseBizApp--base-cn-beijing-bgm-d01-1,base-biz-sso,0,10.1.40.215,docker010001040215,false,4.0G,,rc823a124.cloud.nu17,10.1.7.8,A09
baseBizApp--base-cn-beijing-bgm-d01-1,base-biz-sso,1,10.1.40.216,docker010001040216,false,4.0G,,rc823a101.cloud.nu17,10.1.7.2,B03
baseBizApp--base-cn-beijing-bgm-d01-1,base-biz-dfs,0,10.1.40.217,docker010001040217,false,4.0G,,rc823a124.cloud.nu17,10.1.7.8,A09
baseBizApp--base-cn-beijing-bgm-d01-1,base-biz-dfs,1,10.1.40.218,docker010001040218,false,4.0G,,rc823a101.cloud.nu17,10.1.7.2,B03
baseBizApp--base-cn-beijing-bgm-d01-1,base-biz-dqcexecutor,0,10.1.40.219,docker010001040219,false,4.0G,,rc823a124.cloud.nu17,10.1.7.8,A09
baseBizApp--base-cn-beijing-bgm-d01-1,base-biz-dqcexecutor,1,10.1.40.220,docker010001040220,false,4.0G,,rc823a101.cloud.nu17,10.1.7.2,B03
baseBizApp--base-cn-beijing-bgm-d01-1,base_smoke_test,0,auto,-,false,2.0G,,rc823a124.cloud.nu17,10.1.7.8,A09
baseBizApp--base-cn-beijing-bgm-d01-1,base-biz-dmc,0,10.1.40.221,docker010001040221,false,4.0G,,rc823a101.cloud.nu17,10.1.7.2,B03
baseBizApp--base-cn-beijing-bgm-d01-1,base-biz-dmc,1,10.1.40.222,docker010001040222,false,4.0G,,rc823a121.cloud.nu17,10.1.8.50,B02
baseBizApp--base-cn-beijing-bgm-d01-1,base-biz-baseapi,0,10.1.40.223,docker010001040223,false,4.0G,,rc823a101.cloud.nu17,10.1.7.2,B03
baseBizApp--base-cn-beijing-bgm-d01-1,base-biz-baseapi,1,10.1.40.224,docker010001040224,false,4.0G,,rc823a121.cloud.nu17,10.1.8.50,B02
baseBizApp--base-cn-beijing-bgm-d01-1,base-biz-dbinit,0,auto,-,false,1.0G,,rc823a101.cloud.nu17,10.1.7.2,B03
baseBizApp--base-cn-beijing-bgm-d01-1,base-biz-console,0,10.1.40.225,docker010001040225,false,4.0G,,rc823a101.cloud.nu17,10.1.7.2,B03
baseBizApp--base-cn-beijing-bgm-d01-1,base-biz-console,1,10.1.40.226,docker010001040226,false,4.0G,,rc823a121.cloud.nu17,10.1.8.50,B02
baseBizApp--base-cn-beijing-bgm-d01-1,base-biz-metaservice,0,10.1.40.227,docker010001040227,false,4.0G,,rc823a101.cloud.nu17,10.1.7.2,B03
baseBizApp--base-cn-beijing-bgm-d01-1,base-biz-metaservice,1,10.1.40.228,docker010001040228,false,4.0G,,rc823a121.cloud.nu17,10.1.8.50,B02
baseBizApp--base-cn-beijing-bgm-d01-1,base-biz-commonbase,0,10.1.40.229,docker010001040229,false,4.0G,,rc823a101.cloud.nu17,10.1.7.2,B03
baseBizApp--base-cn-beijing-bgm-d01-1,base-biz-commonbase,1,10.1.40.230,docker010001040230,false,4.0G,,rc823a121.cloud.nu17,10.1.8.50,B02
alimonitor--middleWare-cn-beijing-bgm-d01-1,alimonitor-test,0,auto,-,false,2.0G,,rc823a101.cloud.nu17,10.1.7.2,B03
alimonitor--middleWare-cn-beijing-bgm-d01-1,alimonitor-muses,0,10.1.40.231,docker010001040231,false,2.0G,,rc823a101.cloud.nu17,10.1.7.2,B03
alimonitor--middleWare-cn-beijing-bgm-d01-1,alimonitor-muses,1,10.1.40.232,docker010001040232,false,2.0G,,rc85c6120.cloud.nu17,10.1.8.67,A03
alimonitor--middleWare-cn-beijing-bgm-d01-1,alimonitor-superagent,0,10.1.40.233,docker010001040233,false,1.0G,,rc823a101.cloud.nu17,10.1.7.2,B03
alimonitor--middleWare-cn-beijing-bgm-d01-1,alimonitor-superagent,1,10.1.40.234,docker010001040234,false,1.0G,,rc8f73146.cloud.nu17,10.1.8.110,A07
alimonitor--middleWare-cn-beijing-bgm-d01-1,alimonitor-task,0,10.1.40.235,docker010001040235,false,1.966796875G,,rc823a101.cloud.nu17,10.1.7.2,B03
alimonitor--middleWare-cn-beijing-bgm-d01-1,alimonitor-db,0,auto,-,false,2.0G,,rc823a101.cloud.nu17,10.1.7.2,B03
alimonitor--middleWare-cn-beijing-bgm-d01-1,alimonitor-core,0,10.1.40.236,docker010001040236,false,4.0G,,rc823a101.cloud.nu17,10.1.7.2,B03
alimonitor--middleWare-cn-beijing-bgm-d01-1,alimonitor-core,1,10.1.40.237,docker010001040237,false,4.0G,,rc85c6120.cloud.nu17,10.1.8.67,A03
alimonitor--middleWare-cn-beijing-bgm-d01-1,alimonitor-web,0,10.1.40.238,docker010001040238,false,4.0G,,rc823a101.cloud.nu17,10.1.7.2,B03
alimonitor--middleWare-cn-beijing-bgm-d01-1,alimonitor-web,1,10.1.40.239,docker010001040239,false,4.0G,,rc8f73127.cloud.nu17,10.1.8.69,A07
oam--webapp-cn-beijing-bgm-d01-1,oam-service-aliyun-com-init,0,auto,-,false,1.0G,,rc823a101.cloud.nu17,10.1.7.2,B03
oam--webapp-cn-beijing-bgm-d01-1,oam-console-aliyun-inc-com-test,0,auto,-,false,2.0G,,rc823a101.cloud.nu17,10.1.7.2,B03
oam--webapp-cn-beijing-bgm-d01-1,oam-service-aliyun-com-test,0,auto,-,false,2.0G,,rc823a101.cloud.nu17,10.1.7.2,B03
oam--webapp-cn-beijing-bgm-d01-1,oam-console-aliyun-inc-com,0,10.1.40.240,docker010001040240,false,4.0G,,rc823a101.cloud.nu17,10.1.7.2,B03
oam--webapp-cn-beijing-bgm-d01-1,oam-console-aliyun-inc-com,1,10.1.40.241,docker010001040241,false,4.0G,,rc8f73146.cloud.nu17,10.1.8.110,A07
oam--webapp-cn-beijing-bgm-d01-1,oam-service-aliyun-com,0,10.1.40.242,docker010001040242,false,4.0G,,rc823a101.cloud.nu17,10.1.7.2,B03
oam--webapp-cn-beijing-bgm-d01-1,oam-service-aliyun-com,1,10.1.40.243,docker010001040243,false,4.0G,,rc85c6137.cloud.nu17,10.1.7.41,A01
common--sls-cn-beijing-bgm-d01-1,test,0,auto,-,false,4.0G,,rc823a101.cloud.nu17,10.1.7.2,B03
common--sls-cn-beijing-bgm-d01-1,sls_ag,0,10.1.40.244,docker010001040244,false,4.0G,,rc823a101.cloud.nu17,10.1.7.2,B03
rule--webapp-cn-beijing-bgm-d01-1,rule-service-test,0,auto,-,false,4.0G,,rc823a121.cloud.nu17,10.1.8.50,B02
rule--webapp-cn-beijing-bgm-d01-1,rule_service,0,10.1.41.1,docker010001041001,false,4.0G,,rc823a121.cloud.nu17,10.1.8.50,B02
rule--webapp-cn-beijing-bgm-d01-1,rule_service,1,10.1.41.2,docker010001041002,false,4.0G,,rc8f73119.cloud.nu17,10.1.8.51,A08
account-sub--ram-cn-beijing-bgm-d01-1,account-sub-service,0,10.1.41.3,docker010001041003,false,2.0G,,rc823a121.cloud.nu17,10.1.8.50,B02
account-sub--ram-cn-beijing-bgm-d01-1,account-sub-service,1,10.1.41.4,docker010001041004,false,2.0G,,rc8f73119.cloud.nu17,10.1.8.51,A08
account-sub--ram-cn-beijing-bgm-d01-1,account-sub-test,0,auto,-,false,2.0G,,rc823a121.cloud.nu17,10.1.8.50,B02
account-sub--ram-cn-beijing-bgm-d01-1,account-sub-service-db-init,0,auto,-,false,2.0G,,rc823a121.cloud.nu17,10.1.8.50,B02
umm-ak--baseService-cn-beijing-bgm-d01-1,umm-test,0,auto,-,false,2.0G,,rc823a121.cloud.nu17,10.1.8.50,B02
umm-ak--baseService-cn-beijing-bgm-d01-1,umm-init,0,auto,-,false,1.0G,,rc823a101.cloud.nu17,10.1.7.2,B03
umm-ak--baseService-cn-beijing-bgm-d01-1,aliyunid_appaccess,0,10.1.41.5,docker010001041005,false,4.0G,,rc8f73119.cloud.nu17,10.1.8.51,A08
umm-ak--baseService-cn-beijing-bgm-d01-1,aliyunid_appaccess,1,10.1.41.6,docker010001041006,false,4.0G,,rc8255125.cloud.nu17,10.1.7.17,A06
dms_service--webapp-cn-beijing-bgm-d01-1,rds_dms_test,0,auto,-,false,2.0G,,rc8f73119.cloud.nu17,10.1.8.51,A08
dms_service--webapp-cn-beijing-bgm-d01-1,rds_dms_init,0,auto,-,false,4.0G,,rc8f73119.cloud.nu17,10.1.8.51,A08
dms_service--webapp-cn-beijing-bgm-d01-1,rds_dms_app,0,10.1.41.7,docker010001041007,false,2.0G,,rc8f73119.cloud.nu17,10.1.8.51,A08
dms_service--webapp-cn-beijing-bgm-d01-1,rds_dms_app,1,10.1.41.8,docker010001041008,false,2.0G,,rc8255125.cloud.nu17,10.1.7.17,A06
odps_datahub--odps-cn-beijing-bgm-d01-1,datahub_ag,0,10.1.41.9,docker010001041009,false,6.0G,,rc8f73119.cloud.nu17,10.1.8.51,A08
inner_apsara_hybrid--ots-cn-beijing-bgm-d01-1,package_manager,0,10.1.41.10,docker010001041010,false,3.0G,,rc8f73119.cloud.nu17,10.1.8.51,A08
inner_apsara_hybrid--ots-cn-beijing-bgm-d01-1,package_manager,1,10.1.41.11,docker010001041011,false,3.0G,,rc8255125.cloud.nu17,10.1.7.17,A06
inner_apsara_hybrid--ots-cn-beijing-bgm-d01-1,ag,0,10.1.41.12,docker010001041012,false,2.0G,,rc8f73119.cloud.nu17,10.1.8.51,A08
inner_apsara_hybrid--ots-cn-beijing-bgm-d01-1,nuwa,0,10.1.41.13,docker010001041013,false,8.0G,,rc8f73119.cloud.nu17,10.1.8.51,A08
inner_apsara_hybrid--ots-cn-beijing-bgm-d01-1,nuwa,1,10.1.41.14,docker010001041014,false,8.0G,,rc8255125.cloud.nu17,10.1.7.17,A06
inner_apsara_hybrid--ots-cn-beijing-bgm-d01-1,nuwa,2,10.1.41.15,docker010001041015,false,8.0G,,rc8255131.cloud.nu17,10.1.7.33,B03
inner_apsara_hybrid--ots-cn-beijing-bgm-d01-1,fuxi_master,0,10.1.41.16,docker010001041016,false,10.0G,,rc8f73146.cloud.nu17,10.1.8.110,A08
inner_apsara_hybrid--ots-cn-beijing-bgm-d01-1,fuxi_master,1,10.1.41.17,docker010001041017,false,10.0G,,rc8255125.cloud.nu17,10.1.7.17,A06
inner_apsara_hybrid--ots-cn-beijing-bgm-d01-1,pangu_master,0,10.1.41.18,docker010001041018,true,16.0G,,rc8f73119.cloud.nu17,10.1.8.51,A08
inner_apsara_hybrid--ots-cn-beijing-bgm-d01-1,pangu_master,1,10.1.41.19,docker010001041019,true,16.0G,,rc8255125.cloud.nu17,10.1.7.17,A06
inner_apsara_hybrid--ots-cn-beijing-bgm-d01-1,pangu_master,2,10.1.41.20,docker010001041020,true,16.0G,,rc8255131.cloud.nu17,10.1.7.33,B03
tianjimon--tianji-cn-beijing-bgm-d01-1,alert-engine,0,10.1.41.21,docker010001041021,false,4.0G,,rc85c6120.cloud.nu17,10.1.8.67,A03
tianjimon--tianji-cn-beijing-bgm-d01-1,alert-engine,1,10.1.41.22,docker010001041022,false,4.0G,,rc8255125.cloud.nu17,10.1.7.17,A06
tianjimon--tianji-cn-beijing-bgm-d01-1,alert-engine,2,10.1.41.23,docker010001041023,false,4.0G,,rc8255131.cloud.nu17,10.1.7.33,B03
tianjimon--tianji-cn-beijing-bgm-d01-1,tianjimon-zk-init,0,10.1.41.24,docker010001041024,false,4.0G,,rc8f73119.cloud.nu17,10.1.8.51,A08
tianjimon--tianji-cn-beijing-bgm-d01-1,newportal,0,10.1.41.25,docker010001041025,false,4.0G,,rc8f73119.cloud.nu17,10.1.8.51,A08
tianjimon--tianji-cn-beijing-bgm-d01-1,newportal,1,10.1.41.26,docker010001041026,false,4.0G,,rc8255125.cloud.nu17,10.1.7.17,A06
tianjimon--tianji-cn-beijing-bgm-d01-1,tianjimon-db-init,0,auto,-,false,4.0G,,rc8f73119.cloud.nu17,10.1.8.51,A08
tianjimon--tianji-cn-beijing-bgm-d01-1,tianjimon-test,0,auto,-,false,4.0G,,rc8f73119.cloud.nu17,10.1.8.51,A08
tianjimon--tianji-cn-beijing-bgm-d01-1,alert-master,0,10.1.41.27,docker010001041027,false,4.0G,,rc8f73119.cloud.nu17,10.1.8.51,A08
tianjimon--tianji-cn-beijing-bgm-d01-1,alert-master,1,10.1.41.28,docker010001041028,false,4.0G,,rc8255125.cloud.nu17,10.1.7.17,A06
tianjimon--tianji-cn-beijing-bgm-d01-1,metric-collector,0,10.1.41.29,docker010001041029,false,4.0G,,rc8f73119.cloud.nu17,10.1.8.51,A08
tianjimon--tianji-cn-beijing-bgm-d01-1,metric-collector,1,10.1.41.30,docker010001041030,false,4.0G,,rc8255125.cloud.nu17,10.1.7.17,A06
tianjimon--tianji-cn-beijing-bgm-d01-1,alert-notify,0,10.1.41.31,docker010001041031,false,4.0G,,rc8f73119.cloud.nu17,10.1.8.51,A08
tianjimon--tianji-cn-beijing-bgm-d01-1,metric-master,0,10.1.41.32,docker010001041032,false,4.0G,,rc8f73119.cloud.nu17,10.1.8.51,A08
tianjimon--tianji-cn-beijing-bgm-d01-1,metric-master,1,10.1.41.33,docker010001041033,false,4.0G,,rc8255125.cloud.nu17,10.1.7.17,A06
tianjimon--tianji-cn-beijing-bgm-d01-1,siterule,0,10.1.41.34,docker010001041034,false,4.0G,,rc8f73119.cloud.nu17,10.1.8.51,A08
tianjimon--tianji-cn-beijing-bgm-d01-1,siterule,1,10.1.41.35,docker010001041035,false,4.0G,,rc8255125.cloud.nu17,10.1.7.17,A06
zixia--webapp-cn-beijing-bgm-d01-1,zixia-portal,0,10.1.41.36,docker010001041036,false,4.0G,,rc8f73127.cloud.nu17,10.1.8.69,A07
zixia--webapp-cn-beijing-bgm-d01-1,zixia-portal,1,10.1.41.37,docker010001041037,false,4.0G,,rc85c6120.cloud.nu17,10.1.8.67,A03
zixia--webapp-cn-beijing-bgm-d01-1,zixia-server,0,10.1.41.38,docker010001041038,false,4.0G,,rc8f73146.cloud.nu17,10.1.8.110,A06
zixia--webapp-cn-beijing-bgm-d01-1,zixia-server,1,10.1.41.39,docker010001041039,false,4.0G,,rc85c6120.cloud.nu17,10.1.8.67,A03
zixia--webapp-cn-beijing-bgm-d01-1,zixia-redisSlave,0,10.1.41.40,docker010001041040,false,4.0G,,rc8f73146.cloud.nu17,10.1.8.110,A06
zixia--webapp-cn-beijing-bgm-d01-1,zixia-db,0,auto,-,false,4.0G,,rc8255125.cloud.nu17,10.1.7.17,A06
zixia--webapp-cn-beijing-bgm-d01-1,zixia-ssoServer,0,10.1.41.41,docker010001041041,false,4.0G,,rc8f73146.cloud.nu17,10.1.8.110,A06
zixia--webapp-cn-beijing-bgm-d01-1,zixia-ssoServer,1,10.1.41.42,docker010001041042,false,4.0G,,rc8255131.cloud.nu17,10.1.7.33,B03
zixia--webapp-cn-beijing-bgm-d01-1,zixia-test,0,auto,-,false,2.0G,,rc8255125.cloud.nu17,10.1.7.17,A06
zixia--webapp-cn-beijing-bgm-d01-1,zixia-redisMaster,0,10.1.41.43,docker010001041043,false,4.0G,,rc8255131.cloud.nu17,10.1.7.33,B03
galaxy_test_service--galaxy-cn-beijing-bgm-d01-1,galaxy_regress_test,0,auto,-,false,16.0G,,rc8255131.cloud.nu17,10.1.7.33,B03
phoenix-auth-center--baseService-cn-beijing-bgm-d01-1,phoenix-auth-center-init,0,auto,-,false,1.0G,,rc823a121.cloud.nu17,10.1.8.50,B02
phoenix-auth-center--baseService-cn-beijing-bgm-d01-1,phoenix_auth_center,0,10.1.41.44,docker010001041044,false,4.0G,,rc8255125.cloud.nu17,10.1.7.17,A06
phoenix-auth-center--baseService-cn-beijing-bgm-d01-1,phoenix_auth_center,1,10.1.41.45,docker010001041045,false,4.0G,,rc8255131.cloud.nu17,10.1.7.33,B03
phoenix-auth-center--baseService-cn-beijing-bgm-d01-1,phoenix-auth-center-test,0,auto,-,false,2.0G,,rc8255125.cloud.nu17,10.1.7.17,A06
odps_test_service--odps-cn-beijing-bgm-d01-1,odps_sqlregress_test,0,auto,-,false,16.0G,,rc8255131.cloud.nu17,10.1.7.33,B03
odps_test_service--odps-cn-beijing-bgm-d01-1,odps_openMrOnLotregress_test,0,auto,-,false,16.0G,,rc8255131.cloud.nu17,10.1.7.33,B03
odps_test_service--odps-cn-beijing-bgm-d01-1,odps_xlibregress_test,0,auto,-,false,8.0G,,rc823a120.cloud.nu17,10.1.7.5,A09
satassdCluster--ecs-cn-beijing-bgm-d01-1,package_manager,0,10.1.41.46,docker010001041046,false,3.0G,,rc823a120.cloud.nu17,10.1.7.5,A09
satassdCluster--ecs-cn-beijing-bgm-d01-1,package_manager,1,10.1.41.47,docker010001041047,false,3.0G,,rc85c6128.cloud.nu17,10.1.7.32,A02
satassdCluster--ecs-cn-beijing-bgm-d01-1,ag,0,10.1.41.48,docker010001041048,false,2.0G,,rc823a120.cloud.nu17,10.1.7.5,A09
satassdCluster--ecs-cn-beijing-bgm-d01-1,nuwa,0,10.1.41.49,docker010001041049,false,8.0G,,rc823a120.cloud.nu17,10.1.7.5,A09
satassdCluster--ecs-cn-beijing-bgm-d01-1,nuwa,1,10.1.41.50,docker010001041050,false,8.0G,,rc85c6128.cloud.nu17,10.1.7.32,A02
satassdCluster--ecs-cn-beijing-bgm-d01-1,nuwa,2,10.1.41.51,docker010001041051,false,8.0G,,rc85c6130.cloud.nu17,10.1.7.35,B03
satassdCluster--ecs-cn-beijing-bgm-d01-1,fuxi_master,0,10.1.41.52,docker010001041052,false,10.0G,,rc823a120.cloud.nu17,10.1.7.5,A09
satassdCluster--ecs-cn-beijing-bgm-d01-1,fuxi_master,1,10.1.41.53,docker010001041053,false,10.0G,,rc85c6128.cloud.nu17,10.1.7.32,A02
satassdCluster--ecs-cn-beijing-bgm-d01-1,pangu_master,0,10.1.41.54,docker010001041054,true,16.0G,,rc823a120.cloud.nu17,10.1.7.5,A09
satassdCluster--ecs-cn-beijing-bgm-d01-1,pangu_master,1,10.1.41.55,docker010001041055,true,16.0G,,rc85c6128.cloud.nu17,10.1.7.32,A02
satassdCluster--ecs-cn-beijing-bgm-d01-1,pangu_master,2,10.1.41.56,docker010001041056,true,16.0G,,rc85c6130.cloud.nu17,10.1.7.35,B03
dtcenter--dtdream-cn-beijing-bgm-d01-1,securecenter,0,10.1.41.57,docker010001041057,false,2.0G,,rc823a120.cloud.nu17,10.1.7.5,A09
dtcenter--dtdream-cn-beijing-bgm-d01-1,securecenter,1,10.1.41.58,docker010001041058,false,2.0G,,rc85c6137.cloud.nu17,10.1.7.41,A01
dtcenter--dtdream-cn-beijing-bgm-d01-1,secureconsole,0,10.1.41.59,docker010001041059,false,2.0G,,rc823a120.cloud.nu17,10.1.7.5,A09
dtcenter--dtdream-cn-beijing-bgm-d01-1,cas,0,10.1.41.61,docker010001041061,false,2.0G,,rc823a120.cloud.nu17,10.1.7.5,A09
dtcenter--dtdream-cn-beijing-bgm-d01-1,cas,1,10.1.41.62,docker010001041062,false,2.0G,,rc8f73146.cloud.nu17,10.1.8.110,A07
dtcenter--dtdream-cn-beijing-bgm-d01-1,alarm,0,10.1.41.63,docker010001041063,false,2.0G,,rc823a120.cloud.nu17,10.1.7.5,A09
dtcenter--dtdream-cn-beijing-bgm-d01-1,manage,0,10.1.41.64,docker010001041064,false,2.0G,,rc823a120.cloud.nu17,10.1.7.5,A09
dtcenter--dtdream-cn-beijing-bgm-d01-1,manage,1,10.1.41.65,docker010001041065,false,2.0G,,rc85c6120.cloud.nu17,10.1.8.67,A03
dtcenter--dtdream-cn-beijing-bgm-d01-1,uim,0,10.1.41.66,docker010001041066,false,2.0G,,rc823a120.cloud.nu17,10.1.7.5,A09
dtcenter--dtdream-cn-beijing-bgm-d01-1,uim,1,10.1.41.67,docker010001041067,false,2.0G,,rc85c6137.cloud.nu17,10.1.7.41,A01
dtcenter--dtdream-cn-beijing-bgm-d01-1,dtcenter-init,0,auto,-,false,2.0G,,rc823a120.cloud.nu17,10.1.7.5,A09
dtcenter--dtdream-cn-beijing-bgm-d01-1,alarmadapter,0,10.1.41.68,docker010001041068,false,2.0G,,rc823a120.cloud.nu17,10.1.7.5,A09
dtcenter--dtdream-cn-beijing-bgm-d01-1,alarmadapter,1,10.1.41.69,docker010001041069,false,2.0G,,rc8f73146.cloud.nu17,10.1.8.110,A07
dtcenter--dtdream-cn-beijing-bgm-d01-1,dtcenter-test,0,auto,-,false,1.0G,,rc823a120.cloud.nu17,10.1.7.5,A09
dtcenter--dtdream-cn-beijing-bgm-d01-1,cloud,0,10.1.41.70,docker010001041070,false,2.0G,,rc823a120.cloud.nu17,10.1.7.5,A09
dtcenter--dtdream-cn-beijing-bgm-d01-1,cloud,1,10.1.41.71,docker010001041071,false,2.0G,,rc85c6120.cloud.nu17,10.1.8.67,A03
odps_service--odps-cn-beijing-bgm-d01-1,odps_dbinit,0,auto,-,false,2.0G,,rc823a120.cloud.nu17,10.1.7.5,A09
odps_service--odps-cn-beijing-bgm-d01-1,odps_smoke,0,10.1.41.206,docker010001041206,false,2.0G,,rc823a120.cloud.nu17,10.1.7.5,A09
odps_service--odps-cn-beijing-bgm-d01-1,tengine_server,0,10.1.41.72,docker010001041072,false,4.0G,,rc823a120.cloud.nu17,10.1.7.5,A09
odps_service--odps-cn-beijing-bgm-d01-1,tengine_server,1,10.1.41.73,docker010001041073,false,4.0G,,rc85c6128.cloud.nu17,10.1.7.32,A02
odps_service--odps-cn-beijing-bgm-d01-1,tengine_server,2,10.1.41.74,docker010001041074,false,4.0G,,rc85c6130.cloud.nu17,10.1.7.35,B03
odps_service--odps-cn-beijing-bgm-d01-1,odps_ag,0,10.1.41.75,docker010001041075,false,6.0G,,rc823a120.cloud.nu17,10.1.7.5,A09
yaochi--rds-cn-beijing-bgm-d01-1,rds_test_clean,0,auto,-,false,2.0G,,rc823a120.cloud.nu17,10.1.7.5,A09
yaochi--rds-cn-beijing-bgm-d01-1,rdsabs-service-aliyun-com,0,10.1.41.76,docker010001041076,false,8.0G,,rc823a120.cloud.nu17,10.1.7.5,A09
yaochi--rds-cn-beijing-bgm-d01-1,rdsabs-service-aliyun-com,1,10.1.41.77,docker010001041077,false,8.0G,,rc85c6130.cloud.nu17,10.1.7.35,B03
yaochi--rds-cn-beijing-bgm-d01-1,rds_test_mysql,0,auto,-,false,2.0G,,rc823a120.cloud.nu17,10.1.7.5,A09
yaochi--rds-cn-beijing-bgm-d01-1,rds_test_mssql,0,auto,-,false,2.0G,,rc823a120.cloud.nu17,10.1.7.5,A09
yaochi--rds-cn-beijing-bgm-d01-1,rds_test_pg,0,auto,-,false,2.0G,,rc823a120.cloud.nu17,10.1.7.5,A09
yaochi--rds-cn-beijing-bgm-d01-1,rds_service_init,0,auto,-,false,1.0G,,rc823a120.cloud.nu17,10.1.7.5,A09
yaochi--rds-cn-beijing-bgm-d01-1,rds_test_ppas,0,auto,-,false,2.0G,,rc823a120.cloud.nu17,10.1.7.5,A09
yaochi--rds-cn-beijing-bgm-d01-1,rds_service,0,10.1.41.78,docker010001041078,false,8.0G,,rc8f73128.cloud.nu17,10.1.7.16,A09
yaochi--rds-cn-beijing-bgm-d01-1,rds_service,1,10.1.41.79,docker010001041079,false,8.0G,,rc85c6130.cloud.nu17,10.1.7.35,B03
yaochi--rds-cn-beijing-bgm-d01-1,rds-location-tools,0,10.1.41.80,docker010001041080,false,2.0G,,rc823a120.cloud.nu17,10.1.7.5,A09
dubbo--middleWare-cn-beijing-bgm-d01-1,dubbo-reg,0,10.1.41.81,docker010001041081,false,4.0G,,rc8f73128.cloud.nu17,10.1.7.16,A09
dubbo--middleWare-cn-beijing-bgm-d01-1,dubbo-reg,1,10.1.41.82,docker010001041082,false,4.0G,,rc85c6130.cloud.nu17,10.1.7.35,B03
dubbo--middleWare-cn-beijing-bgm-d01-1,dubbo-init,0,auto,-,false,1.0G,,rc823a120.cloud.nu17,10.1.7.5,A09
dubbo--middleWare-cn-beijing-bgm-d01-1,dubbo-test,0,auto,-,false,1.0G,,rc823a120.cloud.nu17,10.1.7.5,A09
jmenvDiamondVips--middleWare-cn-beijing-bgm-d01-1,diamond,0,10.1.41.87,docker010001041087,false,4.0G,,rc8f73128.cloud.nu17,10.1.7.16,A09
jmenvDiamondVips--middleWare-cn-beijing-bgm-d01-1,diamond,1,10.1.41.88,docker010001041088,false,4.0G,,rc85c6130.cloud.nu17,10.1.7.35,B03
jmenvDiamondVips--middleWare-cn-beijing-bgm-d01-1,vipserver,0,10.1.41.89,docker010001041089,false,4.0G,,rc8f73128.cloud.nu17,10.1.7.16,A09
jmenvDiamondVips--middleWare-cn-beijing-bgm-d01-1,vipserver,1,10.1.41.90,docker010001041090,false,4.0G,,rc8f73118.cloud.nu17,10.1.7.6,A06
jmenvDiamondVips--middleWare-cn-beijing-bgm-d01-1,diamond-init,0,auto,-,false,1.0G,,rc8f73128.cloud.nu17,10.1.7.16,A09
jmenvDiamondVips--middleWare-cn-beijing-bgm-d01-1,diamond-init,1,auto,-,false,1.0G,,rc8f73118.cloud.nu17,10.1.7.6,A06
jmenvDiamondVips--middleWare-cn-beijing-bgm-d01-1,jmenv,0,10.1.41.91,docker010001041091,false,2.0G,,rc8f73128.cloud.nu17,10.1.7.16,A09
jmenvDiamondVips--middleWare-cn-beijing-bgm-d01-1,jmenv,1,10.1.41.92,docker010001041092,false,2.0G,,rc8f73118.cloud.nu17,10.1.7.6,A06
jmenvDiamondVips--middleWare-cn-beijing-bgm-d01-1,metaq3-namesrv,0,10.1.41.93,docker010001041093,false,4.0G,,rc8f73128.cloud.nu17,10.1.7.16,A09
jmenvDiamondVips--middleWare-cn-beijing-bgm-d01-1,metaq3-namesrv,1,10.1.41.94,docker010001041094,false,4.0G,,rc8f73118.cloud.nu17,10.1.7.6,A06
jmenvDiamondVips--middleWare-cn-beijing-bgm-d01-1,vipserver-test,0,auto,-,false,0.125G,,rc85c6129.cloud.nu17,10.1.7.34,A02
apsaraportal--tianji-cn-beijing-bgm-d01-1,apsaraportal-web,0,10.1.41.95,docker010001041095,false,2.0G,,rc8f73128.cloud.nu17,10.1.7.16,A09
apsaraportal--tianji-cn-beijing-bgm-d01-1,apsaraportal-web,1,10.1.41.96,docker010001041096,false,2.0G,,rc8f73118.cloud.nu17,10.1.7.6,A06
apsaraportal--tianji-cn-beijing-bgm-d01-1,apsaraportal-db,0,auto,-,false,2.0G,,rc8f73128.cloud.nu17,10.1.7.16,A09
apsaraportal--tianji-cn-beijing-bgm-d01-1,apsaraportal-test,0,auto,-,false,2.0G,,rc8f73128.cloud.nu17,10.1.7.16,A09
api--bcc-cn-beijing-bgm-d01-1,controller,0,10.1.41.97,docker010001041097,false,2.0G,,rc8f73128.cloud.nu17,10.1.7.16,A09
api--bcc-cn-beijing-bgm-d01-1,controller,1,10.1.41.98,docker010001041098,false,2.0G,,rc8f73118.cloud.nu17,10.1.7.6,A06
admin--webapp-cn-beijing-bgm-d01-1,private-cloud-static,0,10.1.41.99,docker010001041099,false,4.0G,,rc8f73128.cloud.nu17,10.1.7.16,A09
admin--webapp-cn-beijing-bgm-d01-1,private-cloud-static,1,10.1.41.100,docker010001041100,false,4.0G,,rc8f73146.cloud.nu17,10.1.8.110,A06
admin--webapp-cn-beijing-bgm-d01-1,aliyun-admin-console-init,0,auto,-,false,1.0G,,rc8f73128.cloud.nu17,10.1.7.16,A09
admin--webapp-cn-beijing-bgm-d01-1,aliyun-admin-console,0,10.1.41.101,docker010001041101,false,4.0G,,rc8f73128.cloud.nu17,10.1.7.16,A09
admin--webapp-cn-beijing-bgm-d01-1,aliyun-admin-console,1,10.1.41.102,docker010001041102,false,4.0G,,rc8f73146.cloud.nu17,10.1.8.110,A06
metaq--middleWare-cn-beijing-bgm-d01-1,metaq3-broker,0,10.1.41.103,docker010001041103,false,10.0G,,rc8f73128.cloud.nu17,10.1.7.16,A09
metaq--middleWare-cn-beijing-bgm-d01-1,metaq3-broker,1,10.1.41.104,docker010001041104,false,10.0G,,rc8f73118.cloud.nu17,10.1.7.6,A06
metaq--middleWare-cn-beijing-bgm-d01-1,metaq3-test,0,auto,-,false,1.0G,,rc8f73128.cloud.nu17,10.1.7.16,A09
brain--rds-cn-beijing-bgm-d01-1,jstorm-nimbus,0,10.1.41.131,docker010001041131,false,8.0G,,rc85c6137.cloud.nu17,10.1.7.41,A01
brain--rds-cn-beijing-bgm-d01-1,jstorm-nimbus,1,10.1.41.132,docker010001041132,false,8.0G,,rc8f73127.cloud.nu17,10.1.8.69,A07
brain--rds-cn-beijing-bgm-d01-1,jstorm-supervisor,0,10.1.41.134,docker010001041134,false,8.0G,,rc8f73146.cloud.nu17,10.1.8.110,A07
brain--rds-cn-beijing-bgm-d01-1,jstorm-supervisor,1,10.1.41.135,docker010001041135,false,8.0G,,rc85c6120.cloud.nu17,10.1.8.67,A03
brain--rds-cn-beijing-bgm-d01-1,testing,0,auto,-,false,4.0G,,rc8255121.cloud.nu17,10.1.7.12,A02
brain--rds-cn-beijing-bgm-d01-1,zookeeper-server-3,0,10.1.41.138,docker010001041138,false,4.0G,,rc8255121.cloud.nu17,10.1.7.12,A02
brain--rds-cn-beijing-bgm-d01-1,zookeeper-server-2,0,10.1.41.139,docker010001041139,false,4.0G,,rc8f73127.cloud.nu17,10.1.8.69,A07
brain--rds-cn-beijing-bgm-d01-1,zookeeper-server-1,0,10.1.41.140,docker010001041140,false,4.0G,,rc8f73127.cloud.nu17,10.1.8.69,A07
inner--galaxy-cn-beijing-bgm-d01-1,galaxy_ag,0,10.1.41.143,docker010001041143,false,8.0G,,rc8f73122.cloud.nu17,10.1.7.11,A06
inner--galaxy-cn-beijing-bgm-d01-1,zookeeper,0,10.1.41.144,docker010001041144,false,4.0G,,rc85c6127.cloud.nu17,10.1.7.31,B03
inner--galaxy-cn-beijing-bgm-d01-1,zookeeper,1,10.1.41.145,docker010001041145,false,4.0G,,rc8255118.cloud.nu17,10.1.7.7,A02
inner--galaxy-cn-beijing-bgm-d01-1,zookeeper,2,10.1.41.146,docker010001041146,false,4.0G,,rc8f73132.cloud.nu17,10.1.7.26,A09
inner--galaxy-cn-beijing-bgm-d01-1,galaxy_smoke_test,0,10.1.41.141,docker010001041141,false,4.0G,,rc85c6127.cloud.nu17,10.1.7.31,B03
inner--galaxy-cn-beijing-bgm-d01-1,gallardo_ag,0,10.1.41.147,docker010001041147,false,4.0G,,rc85c6127.cloud.nu17,10.1.7.31,B03
tair--middleWare-cn-beijing-bgm-d01-1,tair-test,0,auto,-,false,1.0G,,rc85c6127.cloud.nu17,10.1.7.31,B03
tair--middleWare-cn-beijing-bgm-d01-1,tair-init,0,auto,-,false,1.0G,,rc85c6127.cloud.nu17,10.1.7.31,B03
tair--middleWare-cn-beijing-bgm-d01-1,tair-server,0,10.1.41.148,docker010001041148,false,16.0G,,rc8255118.cloud.nu17,10.1.7.7,A02
tair--middleWare-cn-beijing-bgm-d01-1,tair-server,1,10.1.41.149,docker010001041149,false,16.0G,,rc8f73132.cloud.nu17,10.1.7.26,A09
ramService--ram-cn-beijing-bgm-d01-1,ram-dubbo-forward-service,0,10.1.41.150,docker010001041150,false,2.0G,,rc8255118.cloud.nu17,10.1.7.7,A02
ramService--ram-cn-beijing-bgm-d01-1,ram-dubbo-forward-service,1,10.1.41.151,docker010001041151,false,2.0G,,rc8f73132.cloud.nu17,10.1.7.26,A09
ramService--ram-cn-beijing-bgm-d01-1,ram-test,0,auto,-,false,2.0G,,rc8255118.cloud.nu17,10.1.7.7,A02
ramService--ram-cn-beijing-bgm-d01-1,ram-slave,0,10.1.41.152,docker010001041152,false,2.0G,,rc8255118.cloud.nu17,10.1.7.7,A02
ramService--ram-cn-beijing-bgm-d01-1,ram-slave,1,10.1.41.153,docker010001041153,false,2.0G,,rc8f73132.cloud.nu17,10.1.7.26,A09
ramService--ram-cn-beijing-bgm-d01-1,sts,0,10.1.41.154,docker010001041154,false,2.0G,,rc8255118.cloud.nu17,10.1.7.7,A02
ramService--ram-cn-beijing-bgm-d01-1,sts,1,10.1.41.155,docker010001041155,false,2.0G,,rc8f73132.cloud.nu17,10.1.7.26,A09
ramService--ram-cn-beijing-bgm-d01-1,ram-master-db-init,0,auto,-,false,2.0G,,rc8255118.cloud.nu17,10.1.7.7,A02
ramService--ram-cn-beijing-bgm-d01-1,ram-master,0,10.1.41.156,docker010001041156,false,2.0G,,rc8f73132.cloud.nu17,10.1.7.26,A09
ramService--ram-cn-beijing-bgm-d01-1,ram-master,1,10.1.41.157,docker010001041157,false,2.0G,,rc85c6139.cloud.nu17,10.1.7.43,A02
minirds--rds-cn-beijing-bgm-d01-1,db-installer,0,10.1.41.158,docker010001041158,false,4.0G,,rc8f73127.cloud.nu17,10.1.8.69,A07
minirds--rds-cn-beijing-bgm-d01-1,aurora,0,10.1.41.159,docker010001041159,false,4.0G,,rc8f73127.cloud.nu17,10.1.8.69,A07
maotai--rds-cn-beijing-bgm-d01-1,db-init,0,auto,-,false,4.0G,,rc8255123.cloud.nu17,10.1.7.15,A06
maotai--rds-cn-beijing-bgm-d01-1,redis,0,10.1.41.160,docker010001041160,false,4.0G,,rc8f73127.cloud.nu17,10.1.8.69,A07
maotai--rds-cn-beijing-bgm-d01-1,redis,1,10.1.41.161,docker010001041161,false,4.0G,,rc85c6120.cloud.nu17,10.1.8.67,A03
maotai--rds-cn-beijing-bgm-d01-1,aurora,0,10.1.41.162,docker010001041162,false,4.0G,,rc85c6137.cloud.nu17,10.1.7.41,A01
maotai--rds-cn-beijing-bgm-d01-1,aurora,1,10.1.41.163,docker010001041163,false,4.0G,,rc85c6120.cloud.nu17,10.1.8.67,A03
maotai--rds-cn-beijing-bgm-d01-1,influxdb,0,10.1.41.164,docker010001041164,false,4.0G,,rc8f73127.cloud.nu17,10.1.8.69,A07
maotai--rds-cn-beijing-bgm-d01-1,stat-master,0,10.1.41.165,docker010001041165,false,4.0G,,rc8f73127.cloud.nu17,10.1.8.69,A07
maotai--rds-cn-beijing-bgm-d01-1,stat-master,1,10.1.41.166,docker010001041166,false,4.0G,,rc85c6120.cloud.nu17,10.1.8.67,A03
maotai--rds-cn-beijing-bgm-d01-1,api,0,10.1.41.167,docker010001041167,false,4.0G,,rc85c6120.cloud.nu17,10.1.8.67,A03
maotai--rds-cn-beijing-bgm-d01-1,api,1,10.1.41.168,docker010001041168,false,4.0G,,rc85c6137.cloud.nu17,10.1.7.41,A01
maotai--rds-cn-beijing-bgm-d01-1,tunning-master,0,10.1.41.169,docker010001041169,false,4.0G,,rc8f73127.cloud.nu17,10.1.8.69,A07
maotai--rds-cn-beijing-bgm-d01-1,tunning-master,1,10.1.41.170,docker010001041170,false,4.0G,,rc85c6120.cloud.nu17,10.1.8.67,A03
maotai--rds-cn-beijing-bgm-d01-1,warden,0,10.1.41.171,docker010001041171,false,4.0G,,rc8f73127.cloud.nu17,10.1.8.69,A07
maotai--rds-cn-beijing-bgm-d01-1,proxy-api,0,10.1.41.172,docker010001041172,false,4.0G,,rc8f73146.cloud.nu17,10.1.8.110,A07
maotai--rds-cn-beijing-bgm-d01-1,proxy-api,1,10.1.41.173,docker010001041173,false,4.0G,,rc85c6120.cloud.nu17,10.1.8.67,A03
maotai--rds-cn-beijing-bgm-d01-1,dukang,0,10.1.41.174,docker010001041174,false,8.0G,,rc8f73127.cloud.nu17,10.1.8.69,A07
maotai--rds-cn-beijing-bgm-d01-1,dukang,1,10.1.41.175,docker010001041175,false,8.0G,,rc85c6137.cloud.nu17,10.1.7.41,A01
maotai--rds-cn-beijing-bgm-d01-1,bak-master,0,10.1.41.176,docker010001041176,false,4.0G,,rc8f73127.cloud.nu17,10.1.8.69,A07
maotai--rds-cn-beijing-bgm-d01-1,bak-master,1,10.1.41.177,docker010001041177,false,4.0G,,rc823a101.cloud.nu17,10.1.7.2,B03
maotai--rds-cn-beijing-bgm-d01-1,db-init-paladin,0,auto,-,false,4.0G,,rc823a124.cloud.nu17,10.1.7.8,A09
maotai--rds-cn-beijing-bgm-d01-1,task-master,0,10.1.41.178,docker010001041178,false,4.0G,,rc8f73146.cloud.nu17,10.1.8.110,A07
maotai--rds-cn-beijing-bgm-d01-1,task-master,1,10.1.41.179,docker010001041179,false,4.0G,,rc823a101.cloud.nu17,10.1.7.2,B03
maotai--rds-cn-beijing-bgm-d01-1,proxy-server,0,10.1.41.180,docker010001041180,false,4.0G,,rc8f73127.cloud.nu17,10.1.8.69,A07
maotai--rds-cn-beijing-bgm-d01-1,put-oss-bucket,0,10.1.41.181,docker010001041181,false,4.0G,,rc8f73127.cloud.nu17,10.1.8.69,A07
maotai--rds-cn-beijing-bgm-d01-1,message-center,0,10.1.41.182,docker010001041182,false,4.0G,,rc823a101.cloud.nu17,10.1.7.2,B03
maotai--rds-cn-beijing-bgm-d01-1,message-center,1,10.1.41.183,docker010001041183,false,4.0G,,rc823a121.cloud.nu17,10.1.8.50,B02
hbase--middleWare-cn-beijing-bgm-d01-1,hbase-server,0,10.1.41.83,docker010001041083,false,16.0G,,rc823a121.cloud.nu17,10.1.8.50,B02
hbase--middleWare-cn-beijing-bgm-d01-1,hbase-server,1,10.1.41.84,docker010001041084,false,16.0G,,rc8f73119.cloud.nu17,10.1.8.51,A08
hbase--middleWare-cn-beijing-bgm-d01-1,hbase-server,2,10.1.41.85,docker010001041085,false,16.0G,,rc8255125.cloud.nu17,10.1.7.17,A06
hbase--middleWare-cn-beijing-bgm-d01-1,hbase-server,3,10.1.41.86,docker010001041086,false,16.0G,,rc8255131.cloud.nu17,10.1.7.33,B03
rc-service--baseService-cn-beijing-bgm-d01-1,rc-service-aliyun-com,0,10.1.41.105,docker010001041105,false,4.0G,,rc823a121.cloud.nu17,10.1.8.50,B02
rc-service--baseService-cn-beijing-bgm-d01-1,rc-service-aliyun-com,1,10.1.41.106,docker010001041106,false,4.0G,,rc8f73119.cloud.nu17,10.1.8.51,A08
rc-service--baseService-cn-beijing-bgm-d01-1,rc-service-test,0,auto,-,false,2.0G,,rc823a121.cloud.nu17,10.1.8.50,B02
rc-service--baseService-cn-beijing-bgm-d01-1,rc-service-init,0,auto,-,false,1.0G,,rc823a121.cloud.nu17,10.1.8.50,B02
resource-service--baseService-cn-beijing-bgm-d01-1,resource_service,0,10.1.41.107,docker010001041107,false,4.0G,,rc823a121.cloud.nu17,10.1.8.50,B02
resource-service--baseService-cn-beijing-bgm-d01-1,resource_service,1,10.1.41.108,docker010001041108,false,4.0G,,rc8f73119.cloud.nu17,10.1.8.51,A08
resource-service--baseService-cn-beijing-bgm-d01-1,resource-service-init,0,auto,-,false,1.0G,,rc823a121.cloud.nu17,10.1.8.50,B02
resource-service--baseService-cn-beijing-bgm-d01-1,resource-service-test,0,auto,-,false,2.0G,,rc8f73119.cloud.nu17,10.1.8.51,A08
db-mysql--rds-cn-beijing-bgm-d01-1,mysql56-cluster-init,0,10.1.41.109,docker010001041109,false,4.0G,,rc8f73119.cloud.nu17,10.1.8.51,A08
db-mysql--rds-cn-beijing-bgm-d01-1,deploy-mysql56,0,10.1.41.110,docker010001041110,false,4.0G,,rc8255125.cloud.nu17,10.1.7.17,A06
opsconsole--yundun-cn-beijing-bgm-d01-1,yundun-opsconsole-test,0,auto,-,false,2.0G,,rc8f73119.cloud.nu17,10.1.8.51,A08
opsconsole--yundun-cn-beijing-bgm-d01-1,yundun-opsconsole-db-init,0,auto,-,false,2.0G,,rc8255125.cloud.nu17,10.1.7.17,A06
opsconsole--yundun-cn-beijing-bgm-d01-1,banff-embassy,0,10.1.41.111,docker010001041111,false,4.0G,,rc8255125.cloud.nu17,10.1.7.17,A06
opsconsole--yundun-cn-beijing-bgm-d01-1,banff-embassy,1,10.1.41.112,docker010001041112,false,4.0G,,rc8255131.cloud.nu17,10.1.7.33,B03
yaochi-console--baseService-cn-beijing-bgm-d01-1,yaochi-aliyun-inc-com,0,10.1.41.113,docker010001041113,false,4.0G,,rc8255125.cloud.nu17,10.1.7.17,A06
yaochi-console--baseService-cn-beijing-bgm-d01-1,yaochi-aliyun-inc-com,1,10.1.41.114,docker010001041114,false,4.0G,,rc8255131.cloud.nu17,10.1.7.33,B03
aegis--yundun-cn-beijing-bgm-d01-1,aegisfighter,0,10.1.41.115,docker010001041115,false,4.0G,,rc8255131.cloud.nu17,10.1.7.33,B03
aegis--yundun-cn-beijing-bgm-d01-1,aegisfighter,1,10.1.41.116,docker010001041116,false,4.0G,,rc8f73128.cloud.nu17,10.1.7.16,A09
aegis--yundun-cn-beijing-bgm-d01-1,aegis-test,0,auto,-,false,2.0G,,rc8255125.cloud.nu17,10.1.7.17,A06
aegis--yundun-cn-beijing-bgm-d01-1,aegiserverlite,0,10.1.41.117,docker010001041117,false,4.0G,,rc8255131.cloud.nu17,10.1.7.33,B03
aegis--yundun-cn-beijing-bgm-d01-1,aegiserverlite,1,10.1.41.118,docker010001041118,false,4.0G,,rc8f73128.cloud.nu17,10.1.7.16,A09
aegis--yundun-cn-beijing-bgm-d01-1,aegis-db-init,0,auto,-,false,2.0G,,rc8f73128.cloud.nu17,10.1.7.16,A09
aegis--yundun-cn-beijing-bgm-d01-1,aegisupdatelite,0,10.1.41.119,docker010001041119,false,4.0G,,rc8f73128.cloud.nu17,10.1.7.16,A09
aegis--yundun-cn-beijing-bgm-d01-1,aegisupdatelite,1,10.1.41.120,docker010001041120,false,4.0G,,rc85c6128.cloud.nu17,10.1.7.32,A02
tag--webapp-cn-beijing-bgm-d01-1,tag-service-aliyun-com,0,10.1.41.121,docker010001041121,false,2.0G,,rc8f73128.cloud.nu17,10.1.7.16,A09
tag--webapp-cn-beijing-bgm-d01-1,tag-service-aliyun-com,1,10.1.41.122,docker010001041122,false,2.0G,,rc85c6128.cloud.nu17,10.1.7.32,A02
tag--webapp-cn-beijing-bgm-d01-1,tag-service-aliyun-com-init,0,auto,-,false,1.0G,,rc8f73128.cloud.nu17,10.1.7.16,A09
tag--webapp-cn-beijing-bgm-d01-1,tag-service-aliyun-com-test,0,auto,-,false,0.5G,,rc8f73128.cloud.nu17,10.1.7.16,A09
oms--webapp-cn-beijing-bgm-d01-1,oms-service-aliyun-com,0,10.1.41.123,docker010001041123,false,4.0G,,rc8f73128.cloud.nu17,10.1.7.16,A09
oms--webapp-cn-beijing-bgm-d01-1,oms-service-aliyun-com,1,10.1.41.124,docker010001041124,false,4.0G,,rc85c6128.cloud.nu17,10.1.7.32,A02
oms--webapp-cn-beijing-bgm-d01-1,oms-ots-tables-init,0,auto,-,false,2.0G,,rc8f73128.cloud.nu17,10.1.7.16,A09
oms--webapp-cn-beijing-bgm-d01-1,oms-task-aliyun-com,0,10.1.41.125,docker010001041125,false,4.0G,,rc8f73128.cloud.nu17,10.1.7.16,A09
oms--webapp-cn-beijing-bgm-d01-1,oms-task-aliyun-com,1,10.1.41.126,docker010001041126,false,4.0G,,rc85c6128.cloud.nu17,10.1.7.32,A02
oms--webapp-cn-beijing-bgm-d01-1,oms-images-test,0,auto,-,false,4.0G,,rc8f73128.cloud.nu17,10.1.7.16,A09
oms--webapp-cn-beijing-bgm-d01-1,oms-db-init,0,auto,-,false,2.0G,,rc8f73128.cloud.nu17,10.1.7.16,A09
base_test_service--base-cn-beijing-bgm-d01-1,base_regress_test,0,10.1.41.127,docker010001041127,false,4.0G,,rc8f73128.cloud.nu17,10.1.7.16,A09
with_odps--sls-cn-beijing-bgm-d01-1,sls_ag,0,10.1.41.128,docker010001041128,false,2.0G,,rc8f73128.cloud.nu17,10.1.7.16,A09
public_apsara_ssd--ots-cn-beijing-bgm-d01-1,package_manager,0,10.1.41.129,docker010001041129,false,3.0G,,rc85c6128.cloud.nu17,10.1.7.32,A02
public_apsara_ssd--ots-cn-beijing-bgm-d01-1,package_manager,1,10.1.41.130,docker010001041130,false,3.0G,,rc85c6130.cloud.nu17,10.1.7.35,B03
public_apsara_ssd--ots-cn-beijing-bgm-d01-1,ag,0,10.1.41.184,docker010001041184,false,2.0G,,rc85c6130.cloud.nu17,10.1.7.35,B03
public_apsara_ssd--ots-cn-beijing-bgm-d01-1,nuwa,0,10.1.41.185,docker010001041185,false,8.0G,,rc85c6130.cloud.nu17,10.1.7.35,B03
public_apsara_ssd--ots-cn-beijing-bgm-d01-1,nuwa,1,10.1.41.186,docker010001041186,false,8.0G,,rc8f73118.cloud.nu17,10.1.7.6,A06
public_apsara_ssd--ots-cn-beijing-bgm-d01-1,nuwa,2,10.1.41.187,docker010001041187,false,8.0G,,rc8f73125.cloud.nu17,10.1.7.14,A09
public_apsara_ssd--ots-cn-beijing-bgm-d01-1,fuxi_master,0,10.1.41.188,docker010001041188,false,10.0G,,rc8f73146.cloud.nu17,10.1.8.110,B03
public_apsara_ssd--ots-cn-beijing-bgm-d01-1,fuxi_master,1,10.1.41.189,docker010001041189,false,10.0G,,rc8f73118.cloud.nu17,10.1.7.6,A06
public_apsara_ssd--ots-cn-beijing-bgm-d01-1,pangu_master,0,10.1.41.190,docker010001041190,true,16.0G,,rc85c6130.cloud.nu17,10.1.7.35,B03
public_apsara_ssd--ots-cn-beijing-bgm-d01-1,pangu_master,1,10.1.41.191,docker010001041191,true,16.0G,,rc8f73118.cloud.nu17,10.1.7.6,A06
public_apsara_ssd--ots-cn-beijing-bgm-d01-1,pangu_master,2,10.1.41.192,docker010001041192,true,16.0G,,rc8f73125.cloud.nu17,10.1.7.14,A09
public--ots-cn-beijing-bgm-d01-1,test,0,auto,-,false,4.0G,,rc8f73118.cloud.nu17,10.1.7.6,A06
public--ots-cn-beijing-bgm-d01-1,ots_ag,0,10.1.41.193,docker010001041193,false,4.0G,,rc8f73118.cloud.nu17,10.1.7.6,A06
public--ots-cn-beijing-bgm-d01-1,monitor,0,10.1.41.194,docker010001041194,false,4.0G,,rc8f73118.cloud.nu17,10.1.7.6,A06
public--ots-cn-beijing-bgm-d01-1,monitor,1,10.1.41.195,docker010001041195,false,4.0G,,rc8f73125.cloud.nu17,10.1.7.14,A09
public--ots-cn-beijing-bgm-d01-1,monitor,2,10.1.41.196,docker010001041196,false,4.0G,,rc85c6137.cloud.nu17,10.1.7.41,A01
shennongportal--tianji-cn-beijing-bgm-d01-1,test,0,auto,-,false,2.0G,,rc8f73118.cloud.nu17,10.1.7.6,A06
shennongportal--tianji-cn-beijing-bgm-d01-1,shennongportalWEB,0,10.1.41.197,docker010001041197,false,4.0G,,rc8f73118.cloud.nu17,10.1.7.6,A06
shennongportal--tianji-cn-beijing-bgm-d01-1,shennongportalWEB,1,10.1.41.198,docker010001041198,false,4.0G,,rc8f73125.cloud.nu17,10.1.7.14,A09
shennongportal--tianji-cn-beijing-bgm-d01-1,shennongportalDB,0,auto,-,false,2.0G,,rc8f73118.cloud.nu17,10.1.7.6,A06
dtcenter--dtdream-cn-beijing-bgm-d01-1,secureconsole,1,10.1.41.199,docker010001041199,false,2.0G,,rc8f73118.cloud.nu17,10.1.7.6,A06
maotai--rds-cn-beijing-bgm-d01-1,upgrade-v730,0,10.1.40.7,docker010001040007,false,4.0G,,rc8f73125.cloud.nu17,10.1.7.14,A09
maotai--rds-cn-beijing-bgm-d01-1,ftp,0,10.1.40.71,docker010001040071,false,4.0G,,rc8f73125.cloud.nu17,10.1.7.14,A09
maotai--rds-cn-beijing-bgm-d01-1,ftp,1,10.1.41.200,docker010001041200,false,4.0G,,rc85c6137.cloud.nu17,10.1.7.41,A01
ramService--ram-cn-beijing-bgm-d01-1,ram-master-preupgrade,0,10.1.41.201,docker010001041201,false,2.0G,,rc8f73125.cloud.nu17,10.1.7.14,A09
ocm--ots-cn-beijing-bgm-d01-1,ocm_upgrade,0,10.1.41.202,docker010001041202,false,2.0G,,rc8f73125.cloud.nu17,10.1.7.14,A09
inner_apsara_hybrid--ots-cn-beijing-bgm-d01-1,prechecker,0,10.1.41.204,docker010001041204,false,2.0G,,rc8255125.cloud.nu17,10.1.7.17,A06
public_apsara_ssd--ots-cn-beijing-bgm-d01-1,precheck,0,10.1.41.205,docker010001041205,false,2.0G,,rc8f73119.cloud.nu17,10.1.8.51,A08
odps_test_service--odps-cn-beijing-bgm-d01-1,odps_graphregress_test,0,auto,-,false,8.0G,,rc85c6128.cloud.nu17,10.1.7.32,A02
apsara_service--ads-cn-beijing-bgm-d01-1,prechecker,0,10.1.41.207,docker010001041207,false,1.0G,,rc85c6129.cloud.nu17,10.1.7.34,A02
public--oss-cn-beijing-bgm-d01-1,prechecker,0,10.1.41.208,docker010001041208,false,2.0G,,rc85c6129.cloud.nu17,10.1.7.34,A02
satassdCluster--ecs-cn-beijing-bgm-d01-1,precheck_houyi,0,10.1.41.210,docker010001041210,false,2.0G,,rc8f73127.cloud.nu17,10.1.8.69,A07
satassdCluster--ecs-cn-beijing-bgm-d01-1,precheck_apsara,0,10.1.41.211,docker010001041211,false,2.0G,,rc8f73127.cloud.nu17,10.1.8.69,A07
odps_apsara--odps-cn-beijing-bgm-d01-1,prechecker,0,10.1.41.212,docker010001041212,false,2.0G,,rc85c6120.cloud.nu17,10.1.8.67,A03
brain--rds-cn-beijing-bgm-d01-1,kafka-broker-1,0,10.1.41.133,docker010001041133,false,4.0G,,rc8f73146.cloud.nu17,10.1.8.110,A07
brain--rds-cn-beijing-bgm-d01-1,kafka-broker-2,0,10.1.41.136,docker010001041136,false,4.0G,,rc85c6120.cloud.nu17,10.1.8.67,A03
satassdCluster--ecs-cn-beijing-bgm-d01-1,ecs_houyi_patches,0,10.1.41.137,docker010001041137,false,1.0G,,rc8f73146.cloud.nu17,10.1.8.110,A07
minirds--rds-cn-beijing-bgm-d01-1,post-configure,0,auto,-,false,1.0G,,rc8f73127.cloud.nu17,10.1.8.69,A07
